antecedents,consequents,antecedent support,consequent support,support,confidence,lift,representativity,leverage,conviction,zhangs_metric,jaccard,certainty,kulczynski,rule_name,antecedent_items,n_items,cluster
"frozenset({'TotalWorkingYears_bin_(0, 5]', 'AttritionLabel_Leave', 'MonthlyIncome_bin_(0, 3000]'})","frozenset({'Age_bin_(18, 30]', 'YearsAtCompany_bin_(0, 2]', 'JobLevel_1'})",0.0452702702702702,0.0662162162162162,0.025,0.5522388059701493,8.339932988120621,1.0,0.0220023739956172,2.0854504504504505,0.9218262848836098,0.2890625,0.5204872885932135,0.4648949131891562,"TotalWorkingYears_bin_(0, 5], AttritionLabel_Leave, MonthlyIncome_bin_(0, 3000] → Age_bin_(18, 30], YearsAtCompany_bin_(0, 2], JobLevel_1","[""frozenset('TotalWorkingYears_bin_(0"", ""5]'"", ""'AttritionLabel_Leave'"", ""'MonthlyIncome_bin_(0"", ""3000]')""]",5,0
"frozenset({'Age_bin_(18, 30]', 'YearsAtCompany_bin_(0, 2]', 'JobLevel_1'})","frozenset({'TotalWorkingYears_bin_(0, 5]', 'AttritionLabel_Leave', 'MonthlyIncome_bin_(0, 3000]'})",0.0662162162162162,0.0452702702702702,0.025,0.3775510204081632,8.339932988120621,1.0,0.0220023739956172,1.5338280903854673,0.9425040090741972,0.2890625,0.3480364544968731,0.4648949131891562,"Age_bin_(18, 30], YearsAtCompany_bin_(0, 2], JobLevel_1 → TotalWorkingYears_bin_(0, 5], AttritionLabel_Leave, MonthlyIncome_bin_(0, 3000]","[""frozenset('Age_bin_(18"", ""30]'"", ""'YearsAtCompany_bin_(0"", ""2]'"", ""'JobLevel_1')""]",5,3
"frozenset({'Age_bin_(18, 30]', 'MonthlyIncome_bin_(0, 3000]', 'YearsAtCompany_bin_(0, 2]'})","frozenset({'TotalWorkingYears_bin_(0, 5]', 'AttritionLabel_Leave', 'JobLevel_1'})",0.0574324324324324,0.054054054054054,0.025,0.4352941176470588,8.052941176470588,1.0,0.0218955441928414,1.6751126126126126,0.929187251767897,0.2890625,0.4030252100840336,0.4488970588235294,"Age_bin_(18, 30], MonthlyIncome_bin_(0, 3000], YearsAtCompany_bin_(0, 2] → TotalWorkingYears_bin_(0, 5], AttritionLabel_Leave, JobLevel_1","[""frozenset('Age_bin_(18"", ""30]'"", ""'MonthlyIncome_bin_(0"", ""3000]'"", ""'YearsAtCompany_bin_(0"", ""2]')""]",6,1
"frozenset({'TotalWorkingYears_bin_(0, 5]', 'AttritionLabel_Leave', 'JobLevel_1'})","frozenset({'Age_bin_(18, 30]', 'MonthlyIncome_bin_(0, 3000]', 'YearsAtCompany_bin_(0, 2]'})",0.054054054054054,0.0574324324324324,0.025,0.4625,8.052941176470588,1.0,0.0218955441928414,1.7536140791954746,0.925868725868726,0.2890625,0.4297491039426523,0.4488970588235294,"TotalWorkingYears_bin_(0, 5], AttritionLabel_Leave, JobLevel_1 → Age_bin_(18, 30], MonthlyIncome_bin_(0, 3000], YearsAtCompany_bin_(0, 2]","[""frozenset('TotalWorkingYears_bin_(0"", ""5]'"", ""'AttritionLabel_Leave'"", ""'JobLevel_1')""]",4,4
"frozenset({'TotalWorkingYears_bin_(0, 5]', 'AttritionLabel_Leave', 'MonthlyIncome_bin_(0, 3000]'})","frozenset({'Age_bin_(18, 30]', 'YearsAtCompany_bin_(0, 2]'})",0.0452702702702702,0.0722972972972973,0.025,0.5522388059701493,7.638443297531038,1.0,0.0217270818115412,2.0718693693693697,0.9102924580631588,0.2700729927007299,0.5173440880086095,0.4490165992467569,"TotalWorkingYears_bin_(0, 5], AttritionLabel_Leave, MonthlyIncome_bin_(0, 3000] → Age_bin_(18, 30], YearsAtCompany_bin_(0, 2]","[""frozenset('TotalWorkingYears_bin_(0"", ""5]'"", ""'AttritionLabel_Leave'"", ""'MonthlyIncome_bin_(0"", ""3000]')""]",5,0
"frozenset({'TotalWorkingYears_bin_(0, 5]', 'AttritionLabel_Leave', 'MonthlyIncome_bin_(0, 3000]', 'JobLevel_1'})","frozenset({'Age_bin_(18, 30]', 'YearsAtCompany_bin_(0, 2]'})",0.0452702702702702,0.0722972972972973,0.025,0.5522388059701493,7.638443297531038,1.0,0.0217270818115412,2.0718693693693697,0.9102924580631588,0.2700729927007299,0.5173440880086095,0.4490165992467569,"TotalWorkingYears_bin_(0, 5], AttritionLabel_Leave, MonthlyIncome_bin_(0, 3000], JobLevel_1 → Age_bin_(18, 30], YearsAtCompany_bin_(0, 2]","[""frozenset('TotalWorkingYears_bin_(0"", ""5]'"", ""'AttritionLabel_Leave'"", ""'MonthlyIncome_bin_(0"", ""3000]'"", ""'JobLevel_1')""]",6,4
"frozenset({'Age_bin_(18, 30]', 'YearsAtCompany_bin_(0, 2]'})","frozenset({'TotalWorkingYears_bin_(0, 5]', 'AttritionLabel_Leave', 'MonthlyIncome_bin_(0, 3000]', 'JobLevel_1'})",0.0722972972972973,0.0452702702702702,0.025,0.3457943925233645,7.638443297531037,1.0,0.0217270818115412,1.4593725868725869,0.9368122674750498,0.2700729927007299,0.3147740275545502,0.4490165992467569,"Age_bin_(18, 30], YearsAtCompany_bin_(0, 2] → TotalWorkingYears_bin_(0, 5], AttritionLabel_Leave, MonthlyIncome_bin_(0, 3000], JobLevel_1","[""frozenset('Age_bin_(18"", ""30]'"", ""'YearsAtCompany_bin_(0"", ""2]')""]",4,3
"frozenset({'Age_bin_(18, 30]', 'YearsAtCompany_bin_(0, 2]'})","frozenset({'TotalWorkingYears_bin_(0, 5]', 'AttritionLabel_Leave', 'MonthlyIncome_bin_(0, 3000]'})",0.0722972972972973,0.0452702702702702,0.025,0.3457943925233645,7.638443297531037,1.0,0.0217270818115412,1.4593725868725869,0.9368122674750498,0.2700729927007299,0.3147740275545502,0.4490165992467569,"Age_bin_(18, 30], YearsAtCompany_bin_(0, 2] → TotalWorkingYears_bin_(0, 5], AttritionLabel_Leave, MonthlyIncome_bin_(0, 3000]","[""frozenset('Age_bin_(18"", ""30]'"", ""'YearsAtCompany_bin_(0"", ""2]')""]",4,3
"frozenset({'TotalWorkingYears_bin_(0, 5]', 'AttritionLabel_Leave'})","frozenset({'Age_bin_(18, 30]', 'YearsAtCompany_bin_(0, 2]', 'MonthlyIncome_bin_(0, 3000]', 'JobLevel_1'})",0.0581081081081081,0.0574324324324324,0.025,0.4302325581395348,7.4911080711354305,1.0,0.0216627100073046,1.6543022614451186,0.91996587692427,0.2761194029850746,0.3955155455530549,0.4327633378932968,"TotalWorkingYears_bin_(0, 5], AttritionLabel_Leave → Age_bin_(18, 30], YearsAtCompany_bin_(0, 2], MonthlyIncome_bin_(0, 3000], JobLevel_1","[""frozenset('TotalWorkingYears_bin_(0"", ""5]'"", ""'AttritionLabel_Leave')""]",3,4
"frozenset({'TotalWorkingYears_bin_(0, 5]', 'AttritionLabel_Leave'})","frozenset({'Age_bin_(18, 30]', 'MonthlyIncome_bin_(0, 3000]', 'YearsAtCompany_bin_(0, 2]'})",0.0581081081081081,0.0574324324324324,0.025,0.4302325581395348,7.4911080711354305,1.0,0.0216627100073046,1.6543022614451186,0.91996587692427,0.2761194029850746,0.3955155455530549,0.4327633378932968,"TotalWorkingYears_bin_(0, 5], AttritionLabel_Leave → Age_bin_(18, 30], MonthlyIncome_bin_(0, 3000], YearsAtCompany_bin_(0, 2]","[""frozenset('TotalWorkingYears_bin_(0"", ""5]'"", ""'AttritionLabel_Leave')""]",3,4
"frozenset({'Age_bin_(18, 30]', 'MonthlyIncome_bin_(0, 3000]', 'YearsAtCompany_bin_(0, 2]'})","frozenset({'TotalWorkingYears_bin_(0, 5]', 'AttritionLabel_Leave'})",0.0574324324324324,0.0581081081081081,0.025,0.4352941176470588,7.4911080711354305,1.0,0.0216627100073046,1.6679335585585586,0.9193064031773708,0.2761194029850746,0.4004557346611528,0.4327633378932968,"Age_bin_(18, 30], MonthlyIncome_bin_(0, 3000], YearsAtCompany_bin_(0, 2] → TotalWorkingYears_bin_(0, 5], AttritionLabel_Leave","[""frozenset('Age_bin_(18"", ""30]'"", ""'MonthlyIncome_bin_(0"", ""3000]'"", ""'YearsAtCompany_bin_(0"", ""2]')""]",6,1
"frozenset({'Age_bin_(18, 30]', 'YearsAtCompany_bin_(0, 2]', 'MonthlyIncome_bin_(0, 3000]', 'JobLevel_1'})","frozenset({'TotalWorkingYears_bin_(0, 5]', 'AttritionLabel_Leave'})",0.0574324324324324,0.0581081081081081,0.025,0.4352941176470588,7.4911080711354305,1.0,0.0216627100073046,1.6679335585585586,0.9193064031773708,0.2761194029850746,0.4004557346611528,0.4327633378932968,"Age_bin_(18, 30], YearsAtCompany_bin_(0, 2], MonthlyIncome_bin_(0, 3000], JobLevel_1 → TotalWorkingYears_bin_(0, 5], AttritionLabel_Leave","[""frozenset('Age_bin_(18"", ""30]'"", ""'YearsAtCompany_bin_(0"", ""2]'"", ""'MonthlyIncome_bin_(0"", ""3000]'"", ""'JobLevel_1')""]",7,3
"frozenset({'TotalWorkingYears_bin_(0, 5]', 'AttritionLabel_Leave'})","frozenset({'Age_bin_(18, 30]', 'OverTime_Yes_True', 'JobLevel_1'})",0.0581081081081081,0.0466216216216216,0.0202702702702702,0.3488372093023256,7.482305358948433,1.0,0.0175611760409057,1.4641167953667953,0.9197991391678622,0.24,0.3169943797076129,0.3918099089989889,"TotalWorkingYears_bin_(0, 5], AttritionLabel_Leave → Age_bin_(18, 30], OverTime_Yes_True, JobLevel_1","[""frozenset('TotalWorkingYears_bin_(0"", ""5]'"", ""'AttritionLabel_Leave')""]",3,4
"frozenset({'Age_bin_(18, 30]', 'OverTime_Yes_True', 'JobLevel_1'})","frozenset({'TotalWorkingYears_bin_(0, 5]', 'AttritionLabel_Leave'})",0.0466216216216216,0.0581081081081081,0.0202702702702702,0.4347826086956521,7.482305358948432,1.0,0.0175611760409057,1.6664241164241165,0.9087172218284902,0.24,0.3999126692034183,0.3918099089989889,"Age_bin_(18, 30], OverTime_Yes_True, JobLevel_1 → TotalWorkingYears_bin_(0, 5], AttritionLabel_Leave","[""frozenset('Age_bin_(18"", ""30]'"", ""'OverTime_Yes_True'"", ""'JobLevel_1')""]",4,3
"frozenset({'AttritionLabel_Leave', 'MonthlyIncome_bin_(0, 3000]'})","frozenset({'Age_bin_(18, 30]', 'OverTime_Yes_True', 'JobLevel_1'})",0.0763513513513513,0.0466216216216216,0.0256756756756756,0.336283185840708,7.213030652815186,1.0,0.0221160518626734,1.4364234234234237,0.932564586301159,0.2638888888888889,0.3038264458144917,0.4435039117609337,"AttritionLabel_Leave, MonthlyIncome_bin_(0, 3000] → Age_bin_(18, 30], OverTime_Yes_True, JobLevel_1","[""frozenset('AttritionLabel_Leave'"", ""'MonthlyIncome_bin_(0"", ""3000]')""]",3,0
"frozenset({'Age_bin_(18, 30]', 'OverTime_Yes_True', 'JobLevel_1'})","frozenset({'AttritionLabel_Leave', 'MonthlyIncome_bin_(0, 3000]'})",0.0466216216216216,0.0763513513513513,0.0256756756756756,0.5507246376811594,7.213030652815186,1.0,0.0221160518626734,2.055863121185702,0.9034839046588832,0.2638888888888889,0.5135862939049861,0.4435039117609337,"Age_bin_(18, 30], OverTime_Yes_True, JobLevel_1 → AttritionLabel_Leave, MonthlyIncome_bin_(0, 3000]","[""frozenset('Age_bin_(18"", ""30]'"", ""'OverTime_Yes_True'"", ""'JobLevel_1')""]",4,3
"frozenset({'TotalWorkingYears_bin_(0, 5]', 'AttritionLabel_Leave'})","frozenset({'Age_bin_(18, 30]', 'YearsAtCompany_bin_(0, 2]', 'JobLevel_1'})",0.0581081081081081,0.0662162162162162,0.0277027027027027,0.4767441860465116,7.199810156620788,1.0,0.0238550036523009,1.7845645645645645,0.9142317248136612,0.2867132867132867,0.4396392151583482,0.4475557664926436,"TotalWorkingYears_bin_(0, 5], AttritionLabel_Leave → Age_bin_(18, 30], YearsAtCompany_bin_(0, 2], JobLevel_1","[""frozenset('TotalWorkingYears_bin_(0"", ""5]'"", ""'AttritionLabel_Leave')""]",3,4
"frozenset({'Age_bin_(18, 30]', 'YearsAtCompany_bin_(0, 2]', 'JobLevel_1'})","frozenset({'TotalWorkingYears_bin_(0, 5]', 'AttritionLabel_Leave'})",0.0662162162162162,0.0581081081081081,0.0277027027027027,0.4183673469387755,7.199810156620788,1.0,0.0238550036523009,1.6193930772878142,0.9221700610638522,0.2867132867132867,0.3824847011975522,0.4475557664926436,"Age_bin_(18, 30], YearsAtCompany_bin_(0, 2], JobLevel_1 → TotalWorkingYears_bin_(0, 5], AttritionLabel_Leave","[""frozenset('Age_bin_(18"", ""30]'"", ""'YearsAtCompany_bin_(0"", ""2]'"", ""'JobLevel_1')""]",5,3
"frozenset({'Age_bin_(18, 30]', 'MonthlyIncome_bin_(0, 3000]', 'OverTime_Yes_True'})","frozenset({'AttritionLabel_Leave', 'JobLevel_1'})",0.0371621621621621,0.0966216216216216,0.0256756756756756,0.6909090909090909,7.150667514303878,1.0,0.0220850073046019,2.922694753577107,0.8933518005540165,0.2375,0.6578500033997416,0.4783216783216783,"Age_bin_(18, 30], MonthlyIncome_bin_(0, 3000], OverTime_Yes_True → AttritionLabel_Leave, JobLevel_1","[""frozenset('Age_bin_(18"", ""30]'"", ""'MonthlyIncome_bin_(0"", ""3000]'"", ""'OverTime_Yes_True')""]",5,3
"frozenset({'Age_bin_(18, 30]', 'YearsAtCompany_bin_(0, 2]'})","frozenset({'TotalWorkingYears_bin_(0, 5]', 'AttritionLabel_Leave', 'JobLevel_1'})",0.0722972972972973,0.054054054054054,0.0277027027027027,0.383177570093458,7.088785046728972,1.0,0.0237947406866325,1.5335790335790336,0.9258700015987776,0.2808219178082192,0.3479305740987984,0.4478387850467289,"Age_bin_(18, 30], YearsAtCompany_bin_(0, 2] → TotalWorkingYears_bin_(0, 5], AttritionLabel_Leave, JobLevel_1","[""frozenset('Age_bin_(18"", ""30]'"", ""'YearsAtCompany_bin_(0"", ""2]')""]",4,3
"frozenset({'TotalWorkingYears_bin_(0, 5]', 'AttritionLabel_Leave', 'JobLevel_1'})","frozenset({'Age_bin_(18, 30]', 'YearsAtCompany_bin_(0, 2]'})",0.054054054054054,0.0722972972972973,0.0277027027027027,0.5125,7.088785046728972,1.0,0.0237947406866325,1.9029799029799028,0.90801393728223,0.2808219178082192,0.4745083758193736,0.4478387850467289,"TotalWorkingYears_bin_(0, 5], AttritionLabel_Leave, JobLevel_1 → Age_bin_(18, 30], YearsAtCompany_bin_(0, 2]","[""frozenset('TotalWorkingYears_bin_(0"", ""5]'"", ""'AttritionLabel_Leave'"", ""'JobLevel_1')""]",4,4
"frozenset({'TotalWorkingYears_bin_(0, 5]', 'AttritionLabel_Leave'})","frozenset({'Age_bin_(18, 30]', 'YearsAtCompany_bin_(0, 2]'})",0.0581081081081081,0.0722972972972973,0.0283783783783783,0.4883720930232558,6.755053249293632,1.0,0.0241773192111029,1.8132371007371009,0.9045227847236454,0.2781456953642384,0.4485001439726283,0.4404477287546186,"TotalWorkingYears_bin_(0, 5], AttritionLabel_Leave → Age_bin_(18, 30], YearsAtCompany_bin_(0, 2]","[""frozenset('TotalWorkingYears_bin_(0"", ""5]'"", ""'AttritionLabel_Leave')""]",3,4
"frozenset({'Age_bin_(18, 30]', 'YearsAtCompany_bin_(0, 2]'})","frozenset({'TotalWorkingYears_bin_(0, 5]', 'AttritionLabel_Leave'})",0.0722972972972973,0.0581081081081081,0.0283783783783783,0.3925233644859813,6.755053249293632,1.0,0.0241773192111029,1.5504989604989607,0.9183574376582389,0.2781456953642384,0.3550463267139543,0.4404477287546186,"Age_bin_(18, 30], YearsAtCompany_bin_(0, 2] → TotalWorkingYears_bin_(0, 5], AttritionLabel_Leave","[""frozenset('Age_bin_(18"", ""30]'"", ""'YearsAtCompany_bin_(0"", ""2]')""]",4,3
"frozenset({'AttritionLabel_Leave', 'YearsAtCompany_bin_(0, 2]', 'JobLevel_1'})","frozenset({'TotalWorkingYears_bin_(0, 5]', 'Age_bin_(18, 30]', 'MonthlyIncome_bin_(0, 3000]'})",0.0445945945945946,0.0844594594594594,0.025,0.5606060606060606,6.637575757575757,1.0,0.0212335646457268,2.0836439888164024,0.888986582055889,0.2402597402597402,0.5200715643520071,0.4283030303030303,"AttritionLabel_Leave, YearsAtCompany_bin_(0, 2], JobLevel_1 → TotalWorkingYears_bin_(0, 5], Age_bin_(18, 30], MonthlyIncome_bin_(0, 3000]","[""frozenset('AttritionLabel_Leave'"", ""'YearsAtCompany_bin_(0"", ""2]'"", ""'JobLevel_1')""]",4,5
"frozenset({'Age_bin_(18, 30]', 'AttritionLabel_Leave'})","frozenset({'TotalWorkingYears_bin_(0, 5]', 'OverTime_Yes_True', 'JobLevel_1'})",0.0648648648648648,0.0479729729729729,0.0202702702702702,0.3125,6.514084507042253,1.0,0.0171585098612125,1.3847665847665849,0.9052023121387284,0.218978102189781,0.2778566359119943,0.3675176056338028,"Age_bin_(18, 30], AttritionLabel_Leave → TotalWorkingYears_bin_(0, 5], OverTime_Yes_True, JobLevel_1","[""frozenset('Age_bin_(18"", ""30]'"", ""'AttritionLabel_Leave')""]",3,3
"frozenset({'TotalWorkingYears_bin_(0, 5]', 'OverTime_Yes_True', 'JobLevel_1'})","frozenset({'Age_bin_(18, 30]', 'AttritionLabel_Leave'})",0.0479729729729729,0.0648648648648648,0.0202702702702702,0.4225352112676056,6.514084507042253,1.0,0.0171585098612125,1.6193803559657218,0.8891412349183818,0.218978102189781,0.3824798501994627,0.3675176056338028,"TotalWorkingYears_bin_(0, 5], OverTime_Yes_True, JobLevel_1 → Age_bin_(18, 30], AttritionLabel_Leave","[""frozenset('TotalWorkingYears_bin_(0"", ""5]'"", ""'OverTime_Yes_True'"", ""'JobLevel_1')""]",4,4
"frozenset({'TotalWorkingYears_bin_(0, 5]', 'MonthlyIncome_bin_(0, 3000]', 'OverTime_Yes_True'})","frozenset({'AttritionLabel_Leave', 'JobLevel_1'})",0.0371621621621621,0.0966216216216216,0.0229729729729729,0.6181818181818182,6.397965670692943,1.0,0.0193823046018991,2.365990990990991,0.8762641898864808,0.2073170731707317,0.5773441218467397,0.427972027972028,"TotalWorkingYears_bin_(0, 5], MonthlyIncome_bin_(0, 3000], OverTime_Yes_True → AttritionLabel_Leave, JobLevel_1","[""frozenset('TotalWorkingYears_bin_(0"", ""5]'"", ""'MonthlyIncome_bin_(0"", ""3000]'"", ""'OverTime_Yes_True')""]",5,4
"frozenset({'Age_bin_(18, 30]', 'YearsAtCompany_bin_(0, 2]', 'AttritionLabel_Leave', 'JobLevel_1'})","frozenset({'TotalWorkingYears_bin_(0, 5]', 'MonthlyIncome_bin_(0, 3000]'})",0.0297297297297297,0.1337837837837837,0.025,0.8409090909090909,6.285583103764923,1.0,0.0210226442658875,5.444787644787646,0.8666716856131897,0.1804878048780488,0.8163381080697774,0.513888888888889,"Age_bin_(18, 30], YearsAtCompany_bin_(0, 2], AttritionLabel_Leave, JobLevel_1 → TotalWorkingYears_bin_(0, 5], MonthlyIncome_bin_(0, 3000]","[""frozenset('Age_bin_(18"", ""30]'"", ""'YearsAtCompany_bin_(0"", ""2]'"", ""'AttritionLabel_Leave'"", ""'JobLevel_1')""]",6,1
"frozenset({'AttritionLabel_Leave', 'MonthlyIncome_bin_(0, 3000]'})","frozenset({'TotalWorkingYears_bin_(0, 5]', 'OverTime_Yes_True', 'JobLevel_1'})",0.0763513513513513,0.0479729729729729,0.0229729729729729,0.3008849557522124,6.271968091736259,1.0,0.0193101716581446,1.3617601778994184,0.9100434614226086,0.2266666666666666,0.2656563055452621,0.3898790975944161,"AttritionLabel_Leave, MonthlyIncome_bin_(0, 3000] → TotalWorkingYears_bin_(0, 5], OverTime_Yes_True, JobLevel_1","[""frozenset('AttritionLabel_Leave'"", ""'MonthlyIncome_bin_(0"", ""3000]')""]",3,0
"frozenset({'TotalWorkingYears_bin_(0, 5]', 'OverTime_Yes_True', 'JobLevel_1'})","frozenset({'AttritionLabel_Leave', 'MonthlyIncome_bin_(0, 3000]'})",0.0479729729729729,0.0763513513513513,0.0229729729729729,0.4788732394366197,6.271968091736258,1.0,0.0193101716581446,1.7724068663257853,0.8829165449004301,0.2266666666666666,0.435795460399559,0.3898790975944161,"TotalWorkingYears_bin_(0, 5], OverTime_Yes_True, JobLevel_1 → AttritionLabel_Leave, MonthlyIncome_bin_(0, 3000]","[""frozenset('TotalWorkingYears_bin_(0"", ""5]'"", ""'OverTime_Yes_True'"", ""'JobLevel_1')""]",4,4
"frozenset({'TotalWorkingYears_bin_(0, 5]', 'AttritionLabel_Leave', 'OverTime_Yes_False'})","frozenset({'YearsAtCompany_bin_(0, 2]', 'JobLevel_1'})",0.0263513513513513,0.127027027027027,0.0209459459459459,0.7948717948717948,6.257501363884342,1.0,0.0175986121256391,4.255743243243242,0.862931208166372,0.1581632653061224,0.7650234182741922,0.4798827059465357,"TotalWorkingYears_bin_(0, 5], AttritionLabel_Leave, OverTime_Yes_False → YearsAtCompany_bin_(0, 2], JobLevel_1","[""frozenset('TotalWorkingYears_bin_(0"", ""5]'"", ""'AttritionLabel_Leave'"", ""'OverTime_Yes_False')""]",4,4
"frozenset({'Age_bin_(18, 30]', 'AttritionLabel_Leave', 'JobLevel_1'})","frozenset({'TotalWorkingYears_bin_(0, 5]', 'OverTime_Yes_True'})",0.0554054054054054,0.0587837837837837,0.0202702702702702,0.3658536585365853,6.223717409587889,1.0,0.017013330898466,1.4842255717255717,0.8885550786838341,0.2158273381294964,0.3262479645614833,0.3553406223717409,"Age_bin_(18, 30], AttritionLabel_Leave, JobLevel_1 → TotalWorkingYears_bin_(0, 5], OverTime_Yes_True","[""frozenset('Age_bin_(18"", ""30]'"", ""'AttritionLabel_Leave'"", ""'JobLevel_1')""]",4,3
"frozenset({'TotalWorkingYears_bin_(0, 5]', 'OverTime_Yes_True'})","frozenset({'Age_bin_(18, 30]', 'AttritionLabel_Leave', 'JobLevel_1'})",0.0587837837837837,0.0554054054054054,0.0202702702702702,0.3448275862068966,6.223717409587889,1.0,0.017013330898466,1.4417496443812234,0.8917444364680545,0.2158273381294964,0.3063983029944255,0.3553406223717409,"TotalWorkingYears_bin_(0, 5], OverTime_Yes_True → Age_bin_(18, 30], AttritionLabel_Leave, JobLevel_1","[""frozenset('TotalWorkingYears_bin_(0"", ""5]'"", ""'OverTime_Yes_True')""]",3,4
"frozenset({'AttritionLabel_Leave', 'MonthlyIncome_bin_(0, 3000]', 'YearsAtCompany_bin_(0, 2]'})","frozenset({'TotalWorkingYears_bin_(0, 5]', 'Age_bin_(18, 30]', 'JobLevel_1'})",0.0391891891891891,0.104054054054054,0.025,0.6379310344827587,6.1307657859382,1.0,0.0209222059897735,2.474517374517375,0.8710229216558331,0.2114285714285714,0.5958807926353565,0.4390953873712495,"AttritionLabel_Leave, MonthlyIncome_bin_(0, 3000], YearsAtCompany_bin_(0, 2] → TotalWorkingYears_bin_(0, 5], Age_bin_(18, 30], JobLevel_1","[""frozenset('AttritionLabel_Leave'"", ""'MonthlyIncome_bin_(0"", ""3000]'"", ""'YearsAtCompany_bin_(0"", ""2]')""]",5,5
"frozenset({'TotalWorkingYears_bin_(0, 5]', 'Age_bin_(18, 30]', 'AttritionLabel_Leave', 'JobLevel_1'})","frozenset({'MonthlyIncome_bin_(0, 3000]', 'YearsAtCompany_bin_(0, 2]'})",0.0385135135135135,0.106081081081081,0.025,0.6491228070175439,6.119119454687675,1.0,0.0209144448502556,2.547668918918919,0.8700879375510436,0.2090395480225989,0.6074843192637679,0.4423957984132305,"TotalWorkingYears_bin_(0, 5], Age_bin_(18, 30], AttritionLabel_Leave, JobLevel_1 → MonthlyIncome_bin_(0, 3000], YearsAtCompany_bin_(0, 2]","[""frozenset('TotalWorkingYears_bin_(0"", ""5]'"", ""'Age_bin_(18"", ""30]'"", ""'AttritionLabel_Leave'"", ""'JobLevel_1')""]",6,2
"frozenset({'TotalWorkingYears_bin_(0, 5]', 'Age_bin_(18, 30]', 'MonthlyIncome_bin_(0, 3000]', 'AttritionLabel_Leave'})","frozenset({'YearsAtCompany_bin_(0, 2]', 'JobLevel_1'})",0.0324324324324324,0.127027027027027,0.025,0.7708333333333334,6.068262411347518,1.0,0.0208802045288531,3.8093366093366097,0.863203986109014,0.185929648241206,0.7374871001031992,0.4838209219858156,"TotalWorkingYears_bin_(0, 5], Age_bin_(18, 30], MonthlyIncome_bin_(0, 3000], AttritionLabel_Leave → YearsAtCompany_bin_(0, 2], JobLevel_1","[""frozenset('TotalWorkingYears_bin_(0"", ""5]'"", ""'Age_bin_(18"", ""30]'"", ""'MonthlyIncome_bin_(0"", ""3000]'"", ""'AttritionLabel_Leave')""]",7,2
"frozenset({'TotalWorkingYears_bin_(0, 5]', 'Age_bin_(18, 30]', 'AttritionLabel_Leave'})","frozenset({'YearsAtCompany_bin_(0, 2]', 'MonthlyIncome_bin_(0, 3000]', 'JobLevel_1'})",0.0398648648648648,0.104054054054054,0.025,0.6271186440677966,6.026854501430773,1.0,0.0208518991964937,2.402764127764128,0.8687068490024156,0.2102272727272727,0.5838126645703914,0.4336891921637684,"TotalWorkingYears_bin_(0, 5], Age_bin_(18, 30], AttritionLabel_Leave → YearsAtCompany_bin_(0, 2], MonthlyIncome_bin_(0, 3000], JobLevel_1","[""frozenset('TotalWorkingYears_bin_(0"", ""5]'"", ""'Age_bin_(18"", ""30]'"", ""'AttritionLabel_Leave')""]",5,2
"frozenset({'Age_bin_(18, 30]', 'AttritionLabel_Leave', 'JobLevel_1'})","frozenset({'MonthlyIncome_bin_(0, 3000]', 'OverTime_Yes_True'})",0.0554054054054054,0.077027027027027,0.0256756756756756,0.4634146341463415,6.016260162601626,1.0,0.0214079620160701,1.720085995085995,0.882689556509299,0.240506329113924,0.4186337178159483,0.3983739837398374,"Age_bin_(18, 30], AttritionLabel_Leave, JobLevel_1 → MonthlyIncome_bin_(0, 3000], OverTime_Yes_True","[""frozenset('Age_bin_(18"", ""30]'"", ""'AttritionLabel_Leave'"", ""'JobLevel_1')""]",4,3
"frozenset({'MonthlyIncome_bin_(0, 3000]', 'OverTime_Yes_True'})","frozenset({'Age_bin_(18, 30]', 'AttritionLabel_Leave', 'JobLevel_1'})",0.077027027027027,0.0554054054054054,0.0256756756756756,0.3333333333333333,6.016260162601625,1.0,0.0214079620160701,1.4168918918918918,0.903367496339678,0.240506329113924,0.2942298521697663,0.3983739837398374,"MonthlyIncome_bin_(0, 3000], OverTime_Yes_True → Age_bin_(18, 30], AttritionLabel_Leave, JobLevel_1","[""frozenset('MonthlyIncome_bin_(0"", ""3000]'"", ""'OverTime_Yes_True')""]",3,5
"frozenset({'MonthlyIncome_bin_(0, 3000]', 'YearsAtCompany_bin_(0, 2]'})","frozenset({'TotalWorkingYears_bin_(0, 5]', 'AttritionLabel_Leave', 'JobLevel_1'})",0.106081081081081,0.054054054054054,0.0344594594594594,0.3248407643312102,6.009554140127389,1.0,0.0287253469685902,1.4010708822029578,0.9325211566107924,0.2741935483870968,0.2862602365787079,0.4811703821656051,"MonthlyIncome_bin_(0, 3000], YearsAtCompany_bin_(0, 2] → TotalWorkingYears_bin_(0, 5], AttritionLabel_Leave, JobLevel_1","[""frozenset('MonthlyIncome_bin_(0"", ""3000]'"", ""'YearsAtCompany_bin_(0"", ""2]')""]",4,5
"frozenset({'TotalWorkingYears_bin_(0, 5]', 'AttritionLabel_Leave', 'JobLevel_1'})","frozenset({'MonthlyIncome_bin_(0, 3000]', 'YearsAtCompany_bin_(0, 2]'})",0.054054054054054,0.106081081081081,0.0344594594594594,0.6375,6.009554140127388,1.0,0.0287253469685902,2.465983224603914,0.8812324929971989,0.2741935483870968,0.5944822373393802,0.4811703821656051,"TotalWorkingYears_bin_(0, 5], AttritionLabel_Leave, JobLevel_1 → MonthlyIncome_bin_(0, 3000], YearsAtCompany_bin_(0, 2]","[""frozenset('TotalWorkingYears_bin_(0"", ""5]'"", ""'AttritionLabel_Leave'"", ""'JobLevel_1')""]",4,4
"frozenset({'TotalWorkingYears_bin_(0, 5]', 'AttritionLabel_Leave', 'MonthlyIncome_bin_(0, 3000]'})","frozenset({'YearsAtCompany_bin_(0, 2]', 'JobLevel_1'})",0.0452702702702702,0.127027027027027,0.0344594594594594,0.7611940298507462,5.992378532867576,1.0,0.028708911614317,3.655574324324324,0.8726253417148885,0.25,0.7264451735132387,0.5162353127977135,"TotalWorkingYears_bin_(0, 5], AttritionLabel_Leave, MonthlyIncome_bin_(0, 3000] → YearsAtCompany_bin_(0, 2], JobLevel_1","[""frozenset('TotalWorkingYears_bin_(0"", ""5]'"", ""'AttritionLabel_Leave'"", ""'MonthlyIncome_bin_(0"", ""3000]')""]",5,0
"frozenset({'TotalWorkingYears_bin_(0, 5]', 'Age_bin_(18, 30]', 'OverTime_Yes_True'})","frozenset({'AttritionLabel_Leave', 'JobLevel_1'})",0.0351351351351351,0.0966216216216216,0.0202702702702702,0.5769230769230769,5.970952124798278,1.0,0.0168754565376187,2.135257985257985,0.8628384687208216,0.1818181818181818,0.5316725159657096,0.3933566433566433,"TotalWorkingYears_bin_(0, 5], Age_bin_(18, 30], OverTime_Yes_True → AttritionLabel_Leave, JobLevel_1","[""frozenset('TotalWorkingYears_bin_(0"", ""5]'"", ""'Age_bin_(18"", ""30]'"", ""'OverTime_Yes_True')""]",5,2
"frozenset({'Age_bin_(18, 30]', 'AttritionLabel_Leave', 'YearsAtCompany_bin_(0, 2]'})","frozenset({'TotalWorkingYears_bin_(0, 5]', 'MonthlyIncome_bin_(0, 3000]', 'JobLevel_1'})",0.0317567567567567,0.1324324324324324,0.025,0.7872340425531915,5.944420321320017,1.0,0.0207943754565376,4.077567567567568,0.8590558457969484,0.1796116504854368,0.7547557499834294,0.4880047763786366,"Age_bin_(18, 30], AttritionLabel_Leave, YearsAtCompany_bin_(0, 2] → TotalWorkingYears_bin_(0, 5], MonthlyIncome_bin_(0, 3000], JobLevel_1","[""frozenset('Age_bin_(18"", ""30]'"", ""'AttritionLabel_Leave'"", ""'YearsAtCompany_bin_(0"", ""2]')""]",5,1
"frozenset({'TotalWorkingYears_bin_(0, 5]', 'Age_bin_(18, 30]', 'AttritionLabel_Leave'})","frozenset({'MonthlyIncome_bin_(0, 3000]', 'YearsAtCompany_bin_(0, 2]'})",0.0398648648648648,0.106081081081081,0.025,0.6271186440677966,5.911691676562668,1.0,0.0207710920379839,2.39732800982801,0.8653403579511953,0.2067039106145251,0.5828689291159025,0.4313937169383569,"TotalWorkingYears_bin_(0, 5], Age_bin_(18, 30], AttritionLabel_Leave → MonthlyIncome_bin_(0, 3000], YearsAtCompany_bin_(0, 2]","[""frozenset('TotalWorkingYears_bin_(0"", ""5]'"", ""'Age_bin_(18"", ""30]'"", ""'AttritionLabel_Leave')""]",5,2
"frozenset({'Age_bin_(18, 30]', 'AttritionLabel_Leave', 'YearsAtCompany_bin_(0, 2]'})","frozenset({'TotalWorkingYears_bin_(0, 5]', 'MonthlyIncome_bin_(0, 3000]'})",0.0317567567567567,0.1337837837837837,0.025,0.7872340425531915,5.884375671609715,1.0,0.0207514609203798,4.071216216216217,0.8572829633541427,0.1778846153846154,0.7543731536495503,0.4870513647109392,"Age_bin_(18, 30], AttritionLabel_Leave, YearsAtCompany_bin_(0, 2] → TotalWorkingYears_bin_(0, 5], MonthlyIncome_bin_(0, 3000]","[""frozenset('Age_bin_(18"", ""30]'"", ""'AttritionLabel_Leave'"", ""'YearsAtCompany_bin_(0"", ""2]')""]",5,1
"frozenset({'AttritionLabel_Leave', 'JobLevel_1'})","frozenset({'MonthlyIncome_bin_(0, 3000]', 'OverTime_Yes_True'})",0.0966216216216216,0.077027027027027,0.0432432432432432,0.4475524475524476,5.810330020856337,1.0,0.0358007669831994,1.6706979131029769,0.9164407255048616,0.3316062176165803,0.4014477469821541,0.5044779781621886,"AttritionLabel_Leave, JobLevel_1 → MonthlyIncome_bin_(0, 3000], OverTime_Yes_True","[""frozenset('AttritionLabel_Leave'"", ""'JobLevel_1')""]",2,5
"frozenset({'MonthlyIncome_bin_(0, 3000]', 'OverTime_Yes_True'})","frozenset({'AttritionLabel_Leave', 'JobLevel_1'})",0.077027027027027,0.0966216216216216,0.0432432432432432,0.5614035087719298,5.810330020856337,1.0,0.0358007669831994,2.059702702702703,0.8969848096632502,0.3316062176165803,0.5144930388799223,0.5044779781621886,"MonthlyIncome_bin_(0, 3000], OverTime_Yes_True → AttritionLabel_Leave, JobLevel_1","[""frozenset('MonthlyIncome_bin_(0"", ""3000]'"", ""'OverTime_Yes_True')""]",3,5
"frozenset({'AttritionLabel_Leave', 'YearsAtCompany_bin_(0, 2]', 'JobLevel_1'})","frozenset({'TotalWorkingYears_bin_(0, 5]', 'MonthlyIncome_bin_(0, 3000]'})",0.0445945945945946,0.1337837837837837,0.0344594594594594,0.7727272727272727,5.775941230486685,1.0,0.0284934258582907,3.8113513513513513,0.8654630168899244,0.2394366197183098,0.7376258686711105,0.5151515151515151,"AttritionLabel_Leave, YearsAtCompany_bin_(0, 2], JobLevel_1 → TotalWorkingYears_bin_(0, 5], MonthlyIncome_bin_(0, 3000]","[""frozenset('AttritionLabel_Leave'"", ""'YearsAtCompany_bin_(0"", ""2]'"", ""'JobLevel_1')""]",4,5
"frozenset({'YearsAtCompany_bin_(0, 2]', 'MonthlyIncome_bin_(0, 3000]', 'JobLevel_1'})","frozenset({'TotalWorkingYears_bin_(0, 5]', 'AttritionLabel_Leave'})",0.104054054054054,0.0581081081081081,0.0344594594594594,0.3311688311688311,5.699184536393839,1.0,0.0284130752373995,1.4082655471004988,0.9202969272173424,0.2698412698412699,0.2899066500214276,0.4620960434913923,"YearsAtCompany_bin_(0, 2], MonthlyIncome_bin_(0, 3000], JobLevel_1 → TotalWorkingYears_bin_(0, 5], AttritionLabel_Leave","[""frozenset('YearsAtCompany_bin_(0"", ""2]'"", ""'MonthlyIncome_bin_(0"", ""3000]'"", ""'JobLevel_1')""]",5,6
"frozenset({'TotalWorkingYears_bin_(0, 5]', 'AttritionLabel_Leave'})","frozenset({'YearsAtCompany_bin_(0, 2]', 'MonthlyIncome_bin_(0, 3000]', 'JobLevel_1'})",0.0581081081081081,0.104054054054054,0.0344594594594594,0.5930232558139535,5.699184536393839,1.0,0.0284130752373995,2.201467181467182,0.8754043941823499,0.2698412698412699,0.5457574800940055,0.4620960434913923,"TotalWorkingYears_bin_(0, 5], AttritionLabel_Leave → YearsAtCompany_bin_(0, 2], MonthlyIncome_bin_(0, 3000], JobLevel_1","[""frozenset('TotalWorkingYears_bin_(0"", ""5]'"", ""'AttritionLabel_Leave')""]",3,4
"frozenset({'Age_bin_(18, 30]', 'MonthlyIncome_bin_(0, 3000]', 'AttritionLabel_Leave', 'YearsAtCompany_bin_(0, 2]'})","frozenset({'TotalWorkingYears_bin_(0, 5]', 'JobLevel_1'})",0.0263513513513513,0.1689189189189189,0.025,0.9487179487179488,5.616410256410257,1.0,0.0205487582176771,16.20608108108107,0.8441960350357297,0.1468253968253968,0.9382947675630602,0.5483589743589743,"Age_bin_(18, 30], MonthlyIncome_bin_(0, 3000], AttritionLabel_Leave, YearsAtCompany_bin_(0, 2] → TotalWorkingYears_bin_(0, 5], JobLevel_1","[""frozenset('Age_bin_(18"", ""30]'"", ""'MonthlyIncome_bin_(0"", ""3000]'"", ""'AttritionLabel_Leave'"", ""'YearsAtCompany_bin_(0"", ""2]')""]",7,1
"frozenset({'Age_bin_(18, 30]', 'MonthlyIncome_bin_(0, 3000]', 'AttritionLabel_Leave'})","frozenset({'TotalWorkingYears_bin_(0, 5]', 'YearsAtCompany_bin_(0, 2]', 'JobLevel_1'})",0.0452702702702702,0.0986486486486486,0.025,0.5522388059701493,5.598037211204253,1.0,0.0205341490138787,2.0130180180180184,0.8603125418412043,0.2102272727272727,0.5032334578979167,0.4028317317521979,"Age_bin_(18, 30], MonthlyIncome_bin_(0, 3000], AttritionLabel_Leave → TotalWorkingYears_bin_(0, 5], YearsAtCompany_bin_(0, 2], JobLevel_1","[""frozenset('Age_bin_(18"", ""30]'"", ""'MonthlyIncome_bin_(0"", ""3000]'"", ""'AttritionLabel_Leave')""]",5,3
"frozenset({'TotalWorkingYears_bin_(0, 5]', 'AttritionLabel_Leave'})","frozenset({'MonthlyIncome_bin_(0, 3000]', 'YearsAtCompany_bin_(0, 2]'})",0.0581081081081081,0.106081081081081,0.0344594594594594,0.5930232558139535,5.590282921048734,1.0,0.028295288531775,2.196486486486487,0.8717753959546516,0.265625,0.544727451704196,0.4589320100725819,"TotalWorkingYears_bin_(0, 5], AttritionLabel_Leave → MonthlyIncome_bin_(0, 3000], YearsAtCompany_bin_(0, 2]","[""frozenset('TotalWorkingYears_bin_(0"", ""5]'"", ""'AttritionLabel_Leave')""]",3,4
"frozenset({'MonthlyIncome_bin_(0, 3000]', 'YearsAtCompany_bin_(0, 2]'})","frozenset({'TotalWorkingYears_bin_(0, 5]', 'AttritionLabel_Leave'})",0.106081081081081,0.0581081081081081,0.0344594594594594,0.3248407643312102,5.5902829210487335,1.0,0.028295288531775,1.3950662927078024,0.9185600165992324,0.265625,0.2831881859470524,0.4589320100725819,"MonthlyIncome_bin_(0, 3000], YearsAtCompany_bin_(0, 2] → TotalWorkingYears_bin_(0, 5], AttritionLabel_Leave","[""frozenset('MonthlyIncome_bin_(0"", ""3000]'"", ""'YearsAtCompany_bin_(0"", ""2]')""]",4,5
"frozenset({'TotalWorkingYears_bin_(0, 5]', 'AttritionLabel_Leave', 'JobLevel_1'})","frozenset({'MonthlyIncome_bin_(0, 3000]', 'OverTime_Yes_True'})",0.054054054054054,0.077027027027027,0.0229729729729729,0.425,5.517543859649122,1.0,0.0188093498904309,1.6051703877790835,0.8655462184873949,0.2125,0.37701317715959,0.3616228070175438,"TotalWorkingYears_bin_(0, 5], AttritionLabel_Leave, JobLevel_1 → MonthlyIncome_bin_(0, 3000], OverTime_Yes_True","[""frozenset('TotalWorkingYears_bin_(0"", ""5]'"", ""'AttritionLabel_Leave'"", ""'JobLevel_1')""]",4,4
"frozenset({'Age_bin_(18, 30]', 'AttritionLabel_Leave'})","frozenset({'TotalWorkingYears_bin_(0, 5]', 'OverTime_Yes_True'})",0.0648648648648648,0.0587837837837837,0.0209459459459459,0.3229166666666667,5.493295019157088,1.0,0.0171329437545653,1.3901039501039505,0.8746969979489092,0.2039473684210526,0.2806293371620005,0.3396192528735632,"Age_bin_(18, 30], AttritionLabel_Leave → TotalWorkingYears_bin_(0, 5], OverTime_Yes_True","[""frozenset('Age_bin_(18"", ""30]'"", ""'AttritionLabel_Leave')""]",3,3
"frozenset({'TotalWorkingYears_bin_(0, 5]', 'OverTime_Yes_True'})","frozenset({'Age_bin_(18, 30]', 'AttritionLabel_Leave'})",0.0587837837837837,0.0648648648648648,0.0209459459459459,0.3563218390804598,5.493295019157088,1.0,0.0171329437545653,1.452799227799228,0.8690456892758724,0.2039473684210526,0.3116736429473125,0.3396192528735632,"TotalWorkingYears_bin_(0, 5], OverTime_Yes_True → Age_bin_(18, 30], AttritionLabel_Leave","[""frozenset('TotalWorkingYears_bin_(0"", ""5]'"", ""'OverTime_Yes_True')""]",3,4
"frozenset({'TotalWorkingYears_bin_(0, 5]', 'Age_bin_(18, 30]', 'AttritionLabel_Leave'})","frozenset({'YearsAtCompany_bin_(0, 2]', 'JobLevel_1'})",0.0398648648648648,0.127027027027027,0.0277027027027027,0.6949152542372882,5.470609448250992,1.0,0.0226387874360847,2.8614114114114115,0.8511354079058032,0.1990291262135922,0.6505221178569555,0.4565001803101334,"TotalWorkingYears_bin_(0, 5], Age_bin_(18, 30], AttritionLabel_Leave → YearsAtCompany_bin_(0, 2], JobLevel_1","[""frozenset('TotalWorkingYears_bin_(0"", ""5]'"", ""'Age_bin_(18"", ""30]'"", ""'AttritionLabel_Leave')""]",5,2
"frozenset({'TotalWorkingYears_bin_(0, 5]', 'Age_bin_(18, 30]', 'YearsAtCompany_bin_(0, 2]', 'JobLevel_1'})","frozenset({'AttritionLabel_Leave', 'MonthlyIncome_bin_(0, 3000]'})",0.0601351351351351,0.0763513513513513,0.025,0.4157303370786517,5.444963706870837,1.0,0.0204086011687363,1.580860187110187,0.8685759807255133,0.2242424242424242,0.3674329911312396,0.3715819826986178,"TotalWorkingYears_bin_(0, 5], Age_bin_(18, 30], YearsAtCompany_bin_(0, 2], JobLevel_1 → AttritionLabel_Leave, MonthlyIncome_bin_(0, 3000]","[""frozenset('TotalWorkingYears_bin_(0"", ""5]'"", ""'Age_bin_(18"", ""30]'"", ""'YearsAtCompany_bin_(0"", ""2]'"", ""'JobLevel_1')""]",7,4
"frozenset({'AttritionLabel_Leave', 'MonthlyIncome_bin_(0, 3000]'})","frozenset({'TotalWorkingYears_bin_(0, 5]', 'Age_bin_(18, 30]', 'YearsAtCompany_bin_(0, 2]', 'JobLevel_1'})",0.0763513513513513,0.0601351351351351,0.025,0.3274336283185841,5.444963706870836,1.0,0.0204086011687363,1.3974306543385493,0.8838253029913601,0.2242424242424242,0.2844009848393274,0.3715819826986178,"AttritionLabel_Leave, MonthlyIncome_bin_(0, 3000] → TotalWorkingYears_bin_(0, 5], Age_bin_(18, 30], YearsAtCompany_bin_(0, 2], JobLevel_1","[""frozenset('AttritionLabel_Leave'"", ""'MonthlyIncome_bin_(0"", ""3000]')""]",3,0
"frozenset({'Age_bin_(18, 30]', 'MonthlyIncome_bin_(0, 3000]', 'AttritionLabel_Leave'})","frozenset({'OverTime_Yes_True', 'JobLevel_1'})",0.0452702702702702,0.1054054054054054,0.0256756756756756,0.5671641791044776,5.380788365862992,1.0,0.0209039444850255,2.066821994408201,0.8527582225202072,0.2054054054054054,0.5161653965820444,0.4053769613471106,"Age_bin_(18, 30], MonthlyIncome_bin_(0, 3000], AttritionLabel_Leave → OverTime_Yes_True, JobLevel_1","[""frozenset('Age_bin_(18"", ""30]'"", ""'MonthlyIncome_bin_(0"", ""3000]'"", ""'AttritionLabel_Leave')""]",5,3
"frozenset({'AttritionLabel_Leave', 'MonthlyIncome_bin_(0, 3000]'})","frozenset({'OverTime_Yes_True', 'JobLevel_1'})",0.0763513513513513,0.1054054054054054,0.0432432432432432,0.5663716814159293,5.37326979804856,1.0,0.0351953981008035,2.063044677330392,0.8811722750548647,0.3121951219512195,0.5152795230329119,0.4883140458361698,"AttritionLabel_Leave, MonthlyIncome_bin_(0, 3000] → OverTime_Yes_True, JobLevel_1","[""frozenset('AttritionLabel_Leave'"", ""'MonthlyIncome_bin_(0"", ""3000]')""]",3,0
"frozenset({'OverTime_Yes_True', 'JobLevel_1'})","frozenset({'AttritionLabel_Leave', 'MonthlyIncome_bin_(0, 3000]'})",0.1054054054054054,0.0763513513513513,0.0432432432432432,0.4102564102564102,5.373269798048559,1.0,0.0351953981008035,1.566186839012926,0.9097904078549848,0.3121951219512195,0.3615065743814829,0.4883140458361698,"OverTime_Yes_True, JobLevel_1 → AttritionLabel_Leave, MonthlyIncome_bin_(0, 3000]","[""frozenset('OverTime_Yes_True'"", ""'JobLevel_1')""]",2,5
"frozenset({'TotalWorkingYears_bin_(0, 5]', 'AttritionLabel_Leave', 'YearsAtCompany_bin_(0, 2]', 'JobLevel_1'})","frozenset({'Age_bin_(18, 30]', 'MonthlyIncome_bin_(0, 3000]'})",0.0378378378378378,0.1229729729729729,0.025,0.6607142857142857,5.372841444270016,1.0,0.0203469685902118,2.5849217638691324,0.8458852110537504,0.1840796019900497,0.6131410961919437,0.4320054945054945,"TotalWorkingYears_bin_(0, 5], AttritionLabel_Leave, YearsAtCompany_bin_(0, 2], JobLevel_1 → Age_bin_(18, 30], MonthlyIncome_bin_(0, 3000]","[""frozenset('TotalWorkingYears_bin_(0"", ""5]'"", ""'AttritionLabel_Leave'"", ""'YearsAtCompany_bin_(0"", ""2]'"", ""'JobLevel_1')""]",6,4
"frozenset({'Age_bin_(18, 30]', 'AttritionLabel_Leave'})","frozenset({'MonthlyIncome_bin_(0, 3000]', 'OverTime_Yes_True', 'JobLevel_1'})",0.0648648648648648,0.0743243243243243,0.0256756756756756,0.3958333333333333,5.325757575757575,1.0,0.0208546384222059,1.5321528424976698,0.8685731670216001,0.2261904761904761,0.347323600973236,0.3706439393939393,"Age_bin_(18, 30], AttritionLabel_Leave → MonthlyIncome_bin_(0, 3000], OverTime_Yes_True, JobLevel_1","[""frozenset('Age_bin_(18"", ""30]'"", ""'AttritionLabel_Leave')""]",3,3
"frozenset({'MonthlyIncome_bin_(0, 3000]', 'OverTime_Yes_True', 'JobLevel_1'})","frozenset({'Age_bin_(18, 30]', 'AttritionLabel_Leave'})",0.0743243243243243,0.0648648648648648,0.0256756756756756,0.3454545454545454,5.325757575757575,1.0,0.0208546384222059,1.4286786786786787,0.8774490971955436,0.2261904761904761,0.3000525486074619,0.3706439393939393,"MonthlyIncome_bin_(0, 3000], OverTime_Yes_True, JobLevel_1 → Age_bin_(18, 30], AttritionLabel_Leave","[""frozenset('MonthlyIncome_bin_(0"", ""3000]'"", ""'OverTime_Yes_True'"", ""'JobLevel_1')""]",4,5
"frozenset({'TotalWorkingYears_bin_(0, 5]', 'AttritionLabel_Leave'})","frozenset({'MonthlyIncome_bin_(0, 3000]', 'OverTime_Yes_True', 'JobLevel_1'})",0.0581081081081081,0.0743243243243243,0.0229729729729729,0.3953488372093023,5.319238900634249,1.0,0.018654127100073,1.530925155925156,0.8620980673474554,0.2098765432098765,0.3468002037005601,0.3522198731501057,"TotalWorkingYears_bin_(0, 5], AttritionLabel_Leave → MonthlyIncome_bin_(0, 3000], OverTime_Yes_True, JobLevel_1","[""frozenset('TotalWorkingYears_bin_(0"", ""5]'"", ""'AttritionLabel_Leave')""]",3,4
"frozenset({'MonthlyIncome_bin_(0, 3000]', 'OverTime_Yes_True', 'JobLevel_1'})","frozenset({'TotalWorkingYears_bin_(0, 5]', 'AttritionLabel_Leave'})",0.0743243243243243,0.0581081081081081,0.0229729729729729,0.3090909090909091,5.319238900634249,1.0,0.018654127100073,1.3632645803698435,0.8772005152425933,0.2098765432098765,0.2664666753619407,0.3522198731501057,"MonthlyIncome_bin_(0, 3000], OverTime_Yes_True, JobLevel_1 → TotalWorkingYears_bin_(0, 5], AttritionLabel_Leave","[""frozenset('MonthlyIncome_bin_(0"", ""3000]'"", ""'OverTime_Yes_True'"", ""'JobLevel_1')""]",4,5
"frozenset({'TotalWorkingYears_bin_(0, 5]', 'AttritionLabel_Leave', 'JobLevel_1'})","frozenset({'Age_bin_(18, 30]', 'OverTime_Yes_True'})",0.054054054054054,0.0709459459459459,0.0202702702702702,0.375,5.285714285714286,1.0,0.0164353542731921,1.4864864864864864,0.8571428571428572,0.1935483870967742,0.3272727272727272,0.3303571428571429,"TotalWorkingYears_bin_(0, 5], AttritionLabel_Leave, JobLevel_1 → Age_bin_(18, 30], OverTime_Yes_True","[""frozenset('TotalWorkingYears_bin_(0"", ""5]'"", ""'AttritionLabel_Leave'"", ""'JobLevel_1')""]",4,4
"frozenset({'Age_bin_(18, 30]', 'MonthlyIncome_bin_(0, 3000]', 'AttritionLabel_Leave', 'JobLevel_1'})","frozenset({'TotalWorkingYears_bin_(0, 5]', 'YearsAtCompany_bin_(0, 2]'})",0.0452702702702702,0.1047297297297297,0.025,0.5522388059701493,5.272989889263361,1.0,0.0202588568298027,1.9994369369369367,0.8487787150207533,0.2,0.4998591945930724,0.3954742416947521,"Age_bin_(18, 30], MonthlyIncome_bin_(0, 3000], AttritionLabel_Leave, JobLevel_1 → TotalWorkingYears_bin_(0, 5], YearsAtCompany_bin_(0, 2]","[""frozenset('Age_bin_(18"", ""30]'"", ""'MonthlyIncome_bin_(0"", ""3000]'"", ""'AttritionLabel_Leave'"", ""'JobLevel_1')""]",6,3
"frozenset({'Age_bin_(18, 30]', 'MonthlyIncome_bin_(0, 3000]', 'AttritionLabel_Leave'})","frozenset({'TotalWorkingYears_bin_(0, 5]', 'YearsAtCompany_bin_(0, 2]'})",0.0452702702702702,0.1047297297297297,0.025,0.5522388059701493,5.272989889263361,1.0,0.0202588568298027,1.9994369369369367,0.8487787150207533,0.2,0.4998591945930724,0.3954742416947521,"Age_bin_(18, 30], MonthlyIncome_bin_(0, 3000], AttritionLabel_Leave → TotalWorkingYears_bin_(0, 5], YearsAtCompany_bin_(0, 2]","[""frozenset('Age_bin_(18"", ""30]'"", ""'MonthlyIncome_bin_(0"", ""3000]'"", ""'AttritionLabel_Leave')""]",5,3
"frozenset({'Age_bin_(18, 30]', 'AttritionLabel_Leave', 'JobLevel_1'})","frozenset({'TotalWorkingYears_bin_(0, 5]', 'MonthlyIncome_bin_(0, 3000]', 'YearsAtCompany_bin_(0, 2]'})",0.0554054054054054,0.0858108108108108,0.025,0.4512195121951219,5.258306126368351,1.0,0.0202456172388604,1.6658558558558558,0.8573251362950934,0.2151162790697674,0.3997079660375318,0.3712790474361437,"Age_bin_(18, 30], AttritionLabel_Leave, JobLevel_1 → TotalWorkingYears_bin_(0, 5], MonthlyIncome_bin_(0, 3000], YearsAtCompany_bin_(0, 2]","[""frozenset('Age_bin_(18"", ""30]'"", ""'AttritionLabel_Leave'"", ""'JobLevel_1')""]",4,3
"frozenset({'AttritionLabel_Leave', 'YearsAtCompany_bin_(0, 2]', 'MonthlyIncome_bin_(0, 3000]', 'JobLevel_1'})","frozenset({'TotalWorkingYears_bin_(0, 5]', 'Age_bin_(18, 30]'})",0.0385135135135135,0.1236486486486486,0.025,0.6491228070175439,5.249736362764836,1.0,0.0202378560993425,2.4976013513513515,0.8419403240204365,0.1822660098522167,0.5996158476375982,0.4256542996836353,"AttritionLabel_Leave, YearsAtCompany_bin_(0, 2], MonthlyIncome_bin_(0, 3000], JobLevel_1 → TotalWorkingYears_bin_(0, 5], Age_bin_(18, 30]","[""frozenset('AttritionLabel_Leave'"", ""'YearsAtCompany_bin_(0"", ""2]'"", ""'MonthlyIncome_bin_(0"", ""3000]'"", ""'JobLevel_1')""]",6,5
"frozenset({'AttritionLabel_Leave', 'MonthlyIncome_bin_(0, 3000]'})","frozenset({'Age_bin_(18, 30]', 'YearsAtCompany_bin_(0, 2]', 'JobLevel_1'})",0.0763513513513513,0.0662162162162162,0.0263513513513513,0.3451327433628319,5.212208777316237,1.0,0.0212956537618699,1.4259130752374,0.874946073190404,0.2267441860465116,0.2986949784203988,0.3715459635181506,"AttritionLabel_Leave, MonthlyIncome_bin_(0, 3000] → Age_bin_(18, 30], YearsAtCompany_bin_(0, 2], JobLevel_1","[""frozenset('AttritionLabel_Leave'"", ""'MonthlyIncome_bin_(0"", ""3000]')""]",3,0
"frozenset({'Age_bin_(18, 30]', 'YearsAtCompany_bin_(0, 2]', 'JobLevel_1'})","frozenset({'AttritionLabel_Leave', 'MonthlyIncome_bin_(0, 3000]'})",0.0662162162162162,0.0763513513513513,0.0263513513513513,0.3979591836734694,5.212208777316237,1.0,0.0212956537618699,1.5341960604672469,0.8654495528591043,0.2267441860465116,0.3481928250451607,0.3715459635181506,"Age_bin_(18, 30], YearsAtCompany_bin_(0, 2], JobLevel_1 → AttritionLabel_Leave, MonthlyIncome_bin_(0, 3000]","[""frozenset('Age_bin_(18"", ""30]'"", ""'YearsAtCompany_bin_(0"", ""2]'"", ""'JobLevel_1')""]",5,3
"frozenset({'AttritionLabel_Leave', 'MonthlyIncome_bin_(0, 3000]', 'YearsAtCompany_bin_(0, 2]'})","frozenset({'TotalWorkingYears_bin_(0, 5]', 'JobLevel_1'})",0.0391891891891891,0.1689189189189189,0.0344594594594594,0.8793103448275862,5.205517241379311,1.0,0.0278396639883126,6.886100386100385,0.8408482943106921,0.198443579766537,0.8547799271096158,0.5416551724137931,"AttritionLabel_Leave, MonthlyIncome_bin_(0, 3000], YearsAtCompany_bin_(0, 2] → TotalWorkingYears_bin_(0, 5], JobLevel_1","[""frozenset('AttritionLabel_Leave'"", ""'MonthlyIncome_bin_(0"", ""3000]'"", ""'YearsAtCompany_bin_(0"", ""2]')""]",5,5
"frozenset({'TotalWorkingYears_bin_(0, 5]', 'Age_bin_(18, 30]', 'YearsAtCompany_bin_(0, 2]'})","frozenset({'AttritionLabel_Leave', 'MonthlyIncome_bin_(0, 3000]', 'JobLevel_1'})",0.0635135135135135,0.0756756756756756,0.025,0.3936170212765957,5.201367781155015,1.0,0.0201935719503287,1.5243243243243243,0.8625248625248626,0.2189349112426035,0.3439716312056737,0.3619870820668693,"TotalWorkingYears_bin_(0, 5], Age_bin_(18, 30], YearsAtCompany_bin_(0, 2] → AttritionLabel_Leave, MonthlyIncome_bin_(0, 3000], JobLevel_1","[""frozenset('TotalWorkingYears_bin_(0"", ""5]'"", ""'Age_bin_(18"", ""30]'"", ""'YearsAtCompany_bin_(0"", ""2]')""]",6,4
"frozenset({'AttritionLabel_Leave', 'MonthlyIncome_bin_(0, 3000]', 'JobLevel_1'})","frozenset({'TotalWorkingYears_bin_(0, 5]', 'Age_bin_(18, 30]', 'YearsAtCompany_bin_(0, 2]'})",0.0756756756756756,0.0635135135135135,0.025,0.3303571428571428,5.201367781155015,1.0,0.0201935719503287,1.3984864864864863,0.8738738738738739,0.2189349112426035,0.2849412492269635,0.3619870820668693,"AttritionLabel_Leave, MonthlyIncome_bin_(0, 3000], JobLevel_1 → TotalWorkingYears_bin_(0, 5], Age_bin_(18, 30], YearsAtCompany_bin_(0, 2]","[""frozenset('AttritionLabel_Leave'"", ""'MonthlyIncome_bin_(0"", ""3000]'"", ""'JobLevel_1')""]",4,5
"frozenset({'Age_bin_(18, 30]', 'AttritionLabel_Leave', 'YearsAtCompany_bin_(0, 2]'})","frozenset({'TotalWorkingYears_bin_(0, 5]', 'JobLevel_1'})",0.0317567567567567,0.1689189189189189,0.0277027027027027,0.8723404255319149,5.164255319148936,1.0,0.0223383856829802,6.510135135135138,0.8328085374363862,0.16015625,0.8463933575505969,0.5181702127659574,"Age_bin_(18, 30], AttritionLabel_Leave, YearsAtCompany_bin_(0, 2] → TotalWorkingYears_bin_(0, 5], JobLevel_1","[""frozenset('Age_bin_(18"", ""30]'"", ""'AttritionLabel_Leave'"", ""'YearsAtCompany_bin_(0"", ""2]')""]",5,1
"frozenset({'TotalWorkingYears_bin_(0, 5]', 'OverTime_Yes_True'})","frozenset({'AttritionLabel_Leave', 'MonthlyIncome_bin_(0, 3000]', 'JobLevel_1'})",0.0587837837837837,0.0756756756756756,0.0229729729729729,0.3908045977011494,5.164203612479475,1.0,0.0185244704163623,1.5172870984191738,0.8567205776783074,0.206060606060606,0.3409289507293137,0.347188013136289,"TotalWorkingYears_bin_(0, 5], OverTime_Yes_True → AttritionLabel_Leave, MonthlyIncome_bin_(0, 3000], JobLevel_1","[""frozenset('TotalWorkingYears_bin_(0"", ""5]'"", ""'OverTime_Yes_True')""]",3,4
"frozenset({'AttritionLabel_Leave', 'MonthlyIncome_bin_(0, 3000]', 'JobLevel_1'})","frozenset({'TotalWorkingYears_bin_(0, 5]', 'OverTime_Yes_True'})",0.0756756756756756,0.0587837837837837,0.0229729729729729,0.3035714285714285,5.164203612479474,1.0,0.0185244704163623,1.3514899514899514,0.872377020983832,0.206060606060606,0.2600758896523433,0.347188013136289,"AttritionLabel_Leave, MonthlyIncome_bin_(0, 3000], JobLevel_1 → TotalWorkingYears_bin_(0, 5], OverTime_Yes_True","[""frozenset('AttritionLabel_Leave'"", ""'MonthlyIncome_bin_(0"", ""3000]'"", ""'JobLevel_1')""]",4,5
"frozenset({'AttritionLabel_Leave', 'MonthlyIncome_bin_(0, 3000]', 'YearsAtCompany_bin_(0, 2]'})","frozenset({'TotalWorkingYears_bin_(0, 5]', 'Age_bin_(18, 30]'})",0.0391891891891891,0.1236486486486486,0.025,0.6379310344827587,5.159223666855097,1.0,0.0201543097151205,2.4203989703989706,0.8390542441175353,0.1813725490196078,0.5868449738122459,0.4200584134162427,"AttritionLabel_Leave, MonthlyIncome_bin_(0, 3000], YearsAtCompany_bin_(0, 2] → TotalWorkingYears_bin_(0, 5], Age_bin_(18, 30]","[""frozenset('AttritionLabel_Leave'"", ""'MonthlyIncome_bin_(0"", ""3000]'"", ""'YearsAtCompany_bin_(0"", ""2]')""]",5,5
"frozenset({'TotalWorkingYears_bin_(0, 5]', 'Age_bin_(18, 30]', 'YearsAtCompany_bin_(0, 2]'})","frozenset({'AttritionLabel_Leave', 'MonthlyIncome_bin_(0, 3000]'})",0.0635135135135135,0.0763513513513513,0.025,0.3936170212765957,5.155337977781962,1.0,0.0201506574141709,1.5232100521574203,0.8606918606918608,0.2176470588235294,0.3434917274977043,0.3605253247975899,"TotalWorkingYears_bin_(0, 5], Age_bin_(18, 30], YearsAtCompany_bin_(0, 2] → AttritionLabel_Leave, MonthlyIncome_bin_(0, 3000]","[""frozenset('TotalWorkingYears_bin_(0"", ""5]'"", ""'Age_bin_(18"", ""30]'"", ""'YearsAtCompany_bin_(0"", ""2]')""]",6,4
"frozenset({'AttritionLabel_Leave', 'MonthlyIncome_bin_(0, 3000]'})","frozenset({'TotalWorkingYears_bin_(0, 5]', 'Age_bin_(18, 30]', 'YearsAtCompany_bin_(0, 2]'})",0.0763513513513513,0.0635135135135135,0.025,0.3274336283185841,5.1553379777819615,1.0,0.0201506574141709,1.3924075391180657,0.8726546590482217,0.2176470588235294,0.2818194588106092,0.3605253247975899,"AttritionLabel_Leave, MonthlyIncome_bin_(0, 3000] → TotalWorkingYears_bin_(0, 5], Age_bin_(18, 30], YearsAtCompany_bin_(0, 2]","[""frozenset('AttritionLabel_Leave'"", ""'MonthlyIncome_bin_(0"", ""3000]')""]",3,0
"frozenset({'Age_bin_(18, 30]', 'AttritionLabel_Leave'})","frozenset({'MonthlyIncome_bin_(0, 3000]', 'OverTime_Yes_True'})",0.0648648648648648,0.077027027027027,0.0256756756756756,0.3958333333333333,5.138888888888888,1.0,0.0206793279766252,1.5276794035414722,0.861271676300578,0.2209302325581395,0.3454123962908735,0.3645833333333333,"Age_bin_(18, 30], AttritionLabel_Leave → MonthlyIncome_bin_(0, 3000], OverTime_Yes_True","[""frozenset('Age_bin_(18"", ""30]'"", ""'AttritionLabel_Leave')""]",3,3
"frozenset({'MonthlyIncome_bin_(0, 3000]', 'OverTime_Yes_True'})","frozenset({'Age_bin_(18, 30]', 'AttritionLabel_Leave'})",0.077027027027027,0.0648648648648648,0.0256756756756756,0.3333333333333333,5.138888888888888,1.0,0.0206793279766252,1.4027027027027026,0.8726207906295754,0.2209302325581395,0.2870905587668593,0.3645833333333333,"MonthlyIncome_bin_(0, 3000], OverTime_Yes_True → Age_bin_(18, 30], AttritionLabel_Leave","[""frozenset('MonthlyIncome_bin_(0"", ""3000]'"", ""'OverTime_Yes_True')""]",3,5
"frozenset({'AttritionLabel_Leave', 'YearsAtCompany_bin_(0, 2]'})","frozenset({'TotalWorkingYears_bin_(0, 5]', 'Age_bin_(18, 30]', 'MonthlyIncome_bin_(0, 3000]', 'JobLevel_1'})",0.0581081081081081,0.0837837837837837,0.025,0.4302325581395348,5.13503375843961,1.0,0.0201314828341855,1.6080529509100936,0.8549381519252395,0.2138728323699422,0.3781299307127666,0.3643098274568642,"AttritionLabel_Leave, YearsAtCompany_bin_(0, 2] → TotalWorkingYears_bin_(0, 5], Age_bin_(18, 30], MonthlyIncome_bin_(0, 3000], JobLevel_1","[""frozenset('AttritionLabel_Leave'"", ""'YearsAtCompany_bin_(0"", ""2]')""]",3,5
"frozenset({'TotalWorkingYears_bin_(0, 5]', 'AttritionLabel_Leave'})","frozenset({'MonthlyIncome_bin_(0, 3000]', 'OverTime_Yes_True'})",0.0581081081081081,0.077027027027027,0.0229729729729729,0.3953488372093023,5.132598939208486,1.0,0.0184970781592403,1.5264553014553015,0.8548400708920584,0.2048192771084337,0.3448874663761108,0.346797225622195,"TotalWorkingYears_bin_(0, 5], AttritionLabel_Leave → MonthlyIncome_bin_(0, 3000], OverTime_Yes_True","[""frozenset('TotalWorkingYears_bin_(0"", ""5]'"", ""'AttritionLabel_Leave')""]",3,4
"frozenset({'TotalWorkingYears_bin_(0, 5]', 'AttritionLabel_Leave', 'YearsAtCompany_bin_(0, 2]'})","frozenset({'Age_bin_(18, 30]', 'MonthlyIncome_bin_(0, 3000]', 'JobLevel_1'})",0.0398648648648648,0.1222972972972973,0.025,0.6271186440677966,5.127820957018447,1.0,0.020124634769905,2.353839066339066,0.8384084295414345,0.1822660098522167,0.5751621194921778,0.4157692667852795,"TotalWorkingYears_bin_(0, 5], AttritionLabel_Leave, YearsAtCompany_bin_(0, 2] → Age_bin_(18, 30], MonthlyIncome_bin_(0, 3000], JobLevel_1","[""frozenset('TotalWorkingYears_bin_(0"", ""5]'"", ""'AttritionLabel_Leave'"", ""'YearsAtCompany_bin_(0"", ""2]')""]",5,4
"frozenset({'TotalWorkingYears_bin_(0, 5]', 'AttritionLabel_Leave'})","frozenset({'JobLevel_1', 'YearsAtCompany_bin_(0, 2]'})",0.0581081081081081,0.127027027027027,0.0378378378378378,0.6511627906976745,5.12617516081148,1.0,0.0304565376186997,2.502522522522523,0.854580856732937,0.2568807339449541,0.6004031967744259,0.4745175655616032,"TotalWorkingYears_bin_(0, 5], AttritionLabel_Leave → JobLevel_1, YearsAtCompany_bin_(0, 2]","[""frozenset('TotalWorkingYears_bin_(0"", ""5]'"", ""'AttritionLabel_Leave')""]",3,4
"frozenset({'TotalWorkingYears_bin_(0, 5]', 'OverTime_Yes_True'})","frozenset({'AttritionLabel_Leave', 'MonthlyIncome_bin_(0, 3000]'})",0.0587837837837837,0.0763513513513513,0.0229729729729729,0.3908045977011494,5.118502695554878,1.0,0.0184847516435354,1.5161779704232532,0.8548836620075165,0.2048192771084337,0.3404468212126563,0.3458447767266809,"TotalWorkingYears_bin_(0, 5], OverTime_Yes_True → AttritionLabel_Leave, MonthlyIncome_bin_(0, 3000]","[""frozenset('TotalWorkingYears_bin_(0"", ""5]'"", ""'OverTime_Yes_True')""]",3,4
"frozenset({'AttritionLabel_Leave', 'MonthlyIncome_bin_(0, 3000]'})","frozenset({'TotalWorkingYears_bin_(0, 5]', 'OverTime_Yes_True'})",0.0763513513513513,0.0587837837837837,0.0229729729729729,0.3008849557522124,5.118502695554877,1.0,0.0184847516435354,1.346296613068765,0.8711433366323852,0.2048192771084337,0.2572216328164209,0.3458447767266809,"AttritionLabel_Leave, MonthlyIncome_bin_(0, 3000] → TotalWorkingYears_bin_(0, 5], OverTime_Yes_True","[""frozenset('AttritionLabel_Leave'"", ""'MonthlyIncome_bin_(0"", ""3000]')""]",3,0
"frozenset({'AttritionLabel_Leave', 'JobLevel_1'})","frozenset({'TotalWorkingYears_bin_(0, 5]', 'OverTime_Yes_True'})",0.0966216216216216,0.0587837837837837,0.029054054054054,0.3006993006993007,5.115344425689254,1.0,0.02337426953981,1.3459391891891892,0.8905567828007862,0.2299465240641711,0.2570243826525233,0.3974760871312596,"AttritionLabel_Leave, JobLevel_1 → TotalWorkingYears_bin_(0, 5], OverTime_Yes_True","[""frozenset('AttritionLabel_Leave'"", ""'JobLevel_1')""]",2,5
"frozenset({'TotalWorkingYears_bin_(0, 5]', 'OverTime_Yes_True'})","frozenset({'AttritionLabel_Leave', 'JobLevel_1'})",0.0587837837837837,0.0966216216216216,0.029054054054054,0.4942528735632184,5.115344425689253,1.0,0.02337426953981,1.78622542997543,0.8547555051002521,0.2299465240641711,0.4401602489705035,0.3974760871312596,"TotalWorkingYears_bin_(0, 5], OverTime_Yes_True → AttritionLabel_Leave, JobLevel_1","[""frozenset('TotalWorkingYears_bin_(0"", ""5]'"", ""'OverTime_Yes_True')""]",3,4
"frozenset({'TotalWorkingYears_bin_(0, 5]', 'AttritionLabel_Leave', 'YearsAtCompany_bin_(0, 2]'})","frozenset({'Age_bin_(18, 30]', 'MonthlyIncome_bin_(0, 3000]'})",0.0398648648648648,0.1229729729729729,0.025,0.6271186440677966,5.0996461165952685,1.0,0.0200976990504017,2.352027027027027,0.8372862658576945,0.1813725490196078,0.5748348175811548,0.41520767368225,"TotalWorkingYears_bin_(0, 5], AttritionLabel_Leave, YearsAtCompany_bin_(0, 2] → Age_bin_(18, 30], MonthlyIncome_bin_(0, 3000]","[""frozenset('TotalWorkingYears_bin_(0"", ""5]'"", ""'AttritionLabel_Leave'"", ""'YearsAtCompany_bin_(0"", ""2]')""]",5,4
"frozenset({'AttritionLabel_Leave', 'YearsAtCompany_bin_(0, 2]'})","frozenset({'TotalWorkingYears_bin_(0, 5]', 'Age_bin_(18, 30]', 'MonthlyIncome_bin_(0, 3000]'})",0.0581081081081081,0.0844594594594594,0.025,0.4302325581395348,5.093953488372093,1.0,0.0200922205989773,1.6068670711527857,0.8532707743611617,0.2126436781609195,0.3776709860121857,0.3631162790697674,"AttritionLabel_Leave, YearsAtCompany_bin_(0, 2] → TotalWorkingYears_bin_(0, 5], Age_bin_(18, 30], MonthlyIncome_bin_(0, 3000]","[""frozenset('AttritionLabel_Leave'"", ""'YearsAtCompany_bin_(0"", ""2]')""]",3,5
"frozenset({'TotalWorkingYears_bin_(0, 5]', 'AttritionLabel_Leave'})","frozenset({'Age_bin_(18, 30]', 'OverTime_Yes_True'})",0.0581081081081081,0.0709459459459459,0.0209459459459459,0.3604651162790697,5.080841638981174,1.0,0.0168234112490869,1.4527027027027026,0.852732910630814,0.19375,0.3116279069767441,0.3278516057585825,"TotalWorkingYears_bin_(0, 5], AttritionLabel_Leave → Age_bin_(18, 30], OverTime_Yes_True","[""frozenset('TotalWorkingYears_bin_(0"", ""5]'"", ""'AttritionLabel_Leave')""]",3,4
"frozenset({'AttritionLabel_Leave', 'YearsAtCompany_bin_(0, 2]', 'JobLevel_1'})","frozenset({'TotalWorkingYears_bin_(0, 5]', 'Age_bin_(18, 30]'})",0.0445945945945946,0.1236486486486486,0.0277027027027027,0.6212121212121212,5.02401059778109,1.0,0.0221886413440467,2.3135675675675675,0.8383413254217408,0.1971153846153846,0.5677671082451344,0.4226279185295579,"AttritionLabel_Leave, YearsAtCompany_bin_(0, 2], JobLevel_1 → TotalWorkingYears_bin_(0, 5], Age_bin_(18, 30]","[""frozenset('AttritionLabel_Leave'"", ""'YearsAtCompany_bin_(0"", ""2]'"", ""'JobLevel_1')""]",4,5
"frozenset({'AttritionLabel_Leave', 'OverTime_Yes_False', 'MonthlyIncome_bin_(0, 3000]'})","frozenset({'YearsAtCompany_bin_(0, 2]', 'JobLevel_1'})",0.0331081081081081,0.127027027027027,0.0209459459459459,0.6326530612244898,4.980460269214069,1.0,0.0167403214024835,2.3764264264264265,0.8265819075313903,0.1504854368932039,0.5792001010930689,0.3987733391228832,"AttritionLabel_Leave, OverTime_Yes_False, MonthlyIncome_bin_(0, 3000] → YearsAtCompany_bin_(0, 2], JobLevel_1","[""frozenset('AttritionLabel_Leave'"", ""'OverTime_Yes_False'"", ""'MonthlyIncome_bin_(0"", ""3000]')""]",4,0
