antecedents,consequents,antecedent support,consequent support,support,confidence,lift,representativity,leverage,conviction,zhangs_metric,jaccard,certainty,kulczynski,rule_name
"frozenset({'Age_bin_nan', 'JobLevel_-0.963503753471408', 'OverTime_Yes_True', 'YearsAtCompany_bin_nan'})","frozenset({'TotalWorkingYears_bin_nan', 'MonthlyIncome_bin_nan', 'AttritionLabel_Leave'})",0.0918918918918919,0.11283783783783784,0.04932432432432433,0.5367647058823529,4.756956674885523,1.0,0.03895544192841491,1.915143715143715,0.869699934768428,0.31739130434782603,0.4778459746427131,0.48694522719267347,"Age_bin_nan, JobLevel_-0.963503753471408, OverTime_Yes_True, YearsAtCompany_bin_nan → TotalWorkingYears_bin_nan, MonthlyIncome_bin_nan, AttritionLabel_Leave"
"frozenset({'Age_bin_nan', 'TotalWorkingYears_bin_nan', 'MonthlyIncome_bin_nan', 'AttritionLabel_Leave'})","frozenset({'JobLevel_-0.963503753471408', 'OverTime_Yes_True', 'YearsAtCompany_bin_nan'})",0.11283783783783784,0.0918918918918919,0.04932432432432433,0.437125748502994,4.756956674885523,1.0,0.03895544192841491,1.6133410005750433,0.8902335965946439,0.31739130434782603,0.3801682349586541,0.48694522719267347,"Age_bin_nan, TotalWorkingYears_bin_nan, MonthlyIncome_bin_nan, AttritionLabel_Leave → JobLevel_-0.963503753471408, OverTime_Yes_True, YearsAtCompany_bin_nan"
"frozenset({'JobLevel_-0.963503753471408', 'OverTime_Yes_True', 'YearsAtCompany_bin_nan'})","frozenset({'TotalWorkingYears_bin_nan', 'MonthlyIncome_bin_nan', 'AttritionLabel_Leave'})",0.0918918918918919,0.11283783783783784,0.04932432432432433,0.5367647058823529,4.756956674885523,1.0,0.03895544192841491,1.915143715143715,0.869699934768428,0.31739130434782603,0.4778459746427131,0.48694522719267347,"JobLevel_-0.963503753471408, OverTime_Yes_True, YearsAtCompany_bin_nan → TotalWorkingYears_bin_nan, MonthlyIncome_bin_nan, AttritionLabel_Leave"
"frozenset({'JobLevel_-0.963503753471408', 'OverTime_Yes_True', 'YearsAtCompany_bin_nan'})","frozenset({'Age_bin_nan', 'TotalWorkingYears_bin_nan', 'MonthlyIncome_bin_nan', 'AttritionLabel_Leave'})",0.0918918918918919,0.11283783783783784,0.04932432432432433,0.5367647058823529,4.756956674885523,1.0,0.03895544192841491,1.915143715143715,0.869699934768428,0.31739130434782603,0.4778459746427131,0.48694522719267347,"JobLevel_-0.963503753471408, OverTime_Yes_True, YearsAtCompany_bin_nan → Age_bin_nan, TotalWorkingYears_bin_nan, MonthlyIncome_bin_nan, AttritionLabel_Leave"
"frozenset({'TotalWorkingYears_bin_nan', 'MonthlyIncome_bin_nan', 'AttritionLabel_Leave'})","frozenset({'JobLevel_-0.963503753471408', 'OverTime_Yes_True', 'YearsAtCompany_bin_nan'})",0.11283783783783784,0.0918918918918919,0.04932432432432433,0.437125748502994,4.756956674885523,1.0,0.03895544192841491,1.6133410005750433,0.8902335965946439,0.31739130434782603,0.3801682349586541,0.48694522719267347,"TotalWorkingYears_bin_nan, MonthlyIncome_bin_nan, AttritionLabel_Leave → JobLevel_-0.963503753471408, OverTime_Yes_True, YearsAtCompany_bin_nan"
"frozenset({'TotalWorkingYears_bin_nan', 'MonthlyIncome_bin_nan', 'AttritionLabel_Leave'})","frozenset({'Age_bin_nan', 'JobLevel_-0.963503753471408', 'OverTime_Yes_True', 'YearsAtCompany_bin_nan'})",0.11283783783783784,0.0918918918918919,0.04932432432432433,0.437125748502994,4.756956674885523,1.0,0.03895544192841491,1.6133410005750433,0.8902335965946439,0.31739130434782603,0.3801682349586541,0.48694522719267347,"TotalWorkingYears_bin_nan, MonthlyIncome_bin_nan, AttritionLabel_Leave → Age_bin_nan, JobLevel_-0.963503753471408, OverTime_Yes_True, YearsAtCompany_bin_nan"
"frozenset({'TotalWorkingYears_bin_nan', 'JobLevel_-0.963503753471408', 'OverTime_Yes_True'})","frozenset({'Age_bin_nan', 'MonthlyIncome_bin_nan', 'AttritionLabel_Leave', 'YearsAtCompany_bin_nan'})",0.09864864864864865,0.10878378378378378,0.04932432432432433,0.5,4.596273291925466,1.0,0.038592951059167276,1.7824324324324325,0.8680659670164916,0.31196581196581197,0.43896891584533737,0.47670807453416153,"TotalWorkingYears_bin_nan, JobLevel_-0.963503753471408, OverTime_Yes_True → Age_bin_nan, MonthlyIncome_bin_nan, AttritionLabel_Leave, YearsAtCompany_bin_nan"
"frozenset({'MonthlyIncome_bin_nan', 'AttritionLabel_Leave', 'YearsAtCompany_bin_nan'})","frozenset({'Age_bin_nan', 'TotalWorkingYears_bin_nan', 'JobLevel_-0.963503753471408', 'OverTime_Yes_True'})",0.10878378378378378,0.09864864864864865,0.04932432432432433,0.453416149068323,4.596273291925466,1.0,0.038592951059167276,1.6490632678132682,0.8779378316906746,0.31196581196581197,0.3935951279018876,0.47670807453416153,"MonthlyIncome_bin_nan, AttritionLabel_Leave, YearsAtCompany_bin_nan → Age_bin_nan, TotalWorkingYears_bin_nan, JobLevel_-0.963503753471408, OverTime_Yes_True"
"frozenset({'TotalWorkingYears_bin_nan', 'JobLevel_-0.963503753471408', 'OverTime_Yes_True'})","frozenset({'MonthlyIncome_bin_nan', 'AttritionLabel_Leave', 'YearsAtCompany_bin_nan'})",0.09864864864864865,0.10878378378378378,0.04932432432432433,0.5,4.596273291925466,1.0,0.038592951059167276,1.7824324324324325,0.8680659670164916,0.31196581196581197,0.43896891584533737,0.47670807453416153,"TotalWorkingYears_bin_nan, JobLevel_-0.963503753471408, OverTime_Yes_True → MonthlyIncome_bin_nan, AttritionLabel_Leave, YearsAtCompany_bin_nan"
"frozenset({'Age_bin_nan', 'TotalWorkingYears_bin_nan', 'JobLevel_-0.963503753471408', 'OverTime_Yes_True'})","frozenset({'MonthlyIncome_bin_nan', 'AttritionLabel_Leave', 'YearsAtCompany_bin_nan'})",0.09864864864864865,0.10878378378378378,0.04932432432432433,0.5,4.596273291925466,1.0,0.038592951059167276,1.7824324324324325,0.8680659670164916,0.31196581196581197,0.43896891584533737,0.47670807453416153,"Age_bin_nan, TotalWorkingYears_bin_nan, JobLevel_-0.963503753471408, OverTime_Yes_True → MonthlyIncome_bin_nan, AttritionLabel_Leave, YearsAtCompany_bin_nan"
"frozenset({'MonthlyIncome_bin_nan', 'AttritionLabel_Leave', 'YearsAtCompany_bin_nan'})","frozenset({'TotalWorkingYears_bin_nan', 'JobLevel_-0.963503753471408', 'OverTime_Yes_True'})",0.10878378378378378,0.09864864864864865,0.04932432432432433,0.453416149068323,4.596273291925466,1.0,0.038592951059167276,1.6490632678132682,0.8779378316906746,0.31196581196581197,0.3935951279018876,0.47670807453416153,"MonthlyIncome_bin_nan, AttritionLabel_Leave, YearsAtCompany_bin_nan → TotalWorkingYears_bin_nan, JobLevel_-0.963503753471408, OverTime_Yes_True"
"frozenset({'Age_bin_nan', 'MonthlyIncome_bin_nan', 'AttritionLabel_Leave', 'YearsAtCompany_bin_nan'})","frozenset({'TotalWorkingYears_bin_nan', 'JobLevel_-0.963503753471408', 'OverTime_Yes_True'})",0.10878378378378378,0.09864864864864865,0.04932432432432433,0.453416149068323,4.596273291925466,1.0,0.038592951059167276,1.6490632678132682,0.8779378316906746,0.31196581196581197,0.3935951279018876,0.47670807453416153,"Age_bin_nan, MonthlyIncome_bin_nan, AttritionLabel_Leave, YearsAtCompany_bin_nan → TotalWorkingYears_bin_nan, JobLevel_-0.963503753471408, OverTime_Yes_True"
"frozenset({'TotalWorkingYears_bin_nan', 'MonthlyIncome_bin_nan', 'AttritionLabel_Leave', 'YearsAtCompany_bin_nan'})","frozenset({'JobLevel_-0.963503753471408', 'OverTime_Yes_True'})",0.10270270270270271,0.10540540540540541,0.04932432432432433,0.48026315789473684,4.5563427800269904,1.0,0.03849890430971512,1.7212452959288402,0.8698630136986302,0.31063829787234043,0.4190252822388297,0.4741059379217274,"TotalWorkingYears_bin_nan, MonthlyIncome_bin_nan, AttritionLabel_Leave, YearsAtCompany_bin_nan → JobLevel_-0.963503753471408, OverTime_Yes_True"
"frozenset({'JobLevel_-0.963503753471408', 'OverTime_Yes_True'})","frozenset({'YearsAtCompany_bin_nan', 'TotalWorkingYears_bin_nan', 'MonthlyIncome_bin_nan', 'Age_bin_nan', 'AttritionLabel_Leave'})",0.10540540540540541,0.10270270270270271,0.04932432432432433,0.46794871794871795,4.5563427800269904,1.0,0.03849890430971512,1.6864864864864864,0.8724909986342756,0.31063829787234043,0.40705128205128205,0.4741059379217274,"JobLevel_-0.963503753471408, OverTime_Yes_True → YearsAtCompany_bin_nan, TotalWorkingYears_bin_nan, MonthlyIncome_bin_nan, Age_bin_nan, AttritionLabel_Leave"
"frozenset({'JobLevel_-0.963503753471408', 'OverTime_Yes_True'})","frozenset({'TotalWorkingYears_bin_nan', 'MonthlyIncome_bin_nan', 'AttritionLabel_Leave', 'YearsAtCompany_bin_nan'})",0.10540540540540541,0.10270270270270271,0.04932432432432433,0.46794871794871795,4.5563427800269904,1.0,0.03849890430971512,1.6864864864864864,0.8724909986342756,0.31063829787234043,0.40705128205128205,0.4741059379217274,"JobLevel_-0.963503753471408, OverTime_Yes_True → TotalWorkingYears_bin_nan, MonthlyIncome_bin_nan, AttritionLabel_Leave, YearsAtCompany_bin_nan"
"frozenset({'TotalWorkingYears_bin_nan', 'MonthlyIncome_bin_nan', 'AttritionLabel_Leave', 'YearsAtCompany_bin_nan'})","frozenset({'Age_bin_nan', 'JobLevel_-0.963503753471408', 'OverTime_Yes_True'})",0.10270270270270271,0.10540540540540541,0.04932432432432433,0.48026315789473684,4.5563427800269904,1.0,0.03849890430971512,1.7212452959288402,0.8698630136986302,0.31063829787234043,0.4190252822388297,0.4741059379217274,"TotalWorkingYears_bin_nan, MonthlyIncome_bin_nan, AttritionLabel_Leave, YearsAtCompany_bin_nan → Age_bin_nan, JobLevel_-0.963503753471408, OverTime_Yes_True"
"frozenset({'YearsAtCompany_bin_nan', 'TotalWorkingYears_bin_nan', 'MonthlyIncome_bin_nan', 'Age_bin_nan', 'AttritionLabel_Leave'})","frozenset({'JobLevel_-0.963503753471408', 'OverTime_Yes_True'})",0.10270270270270271,0.10540540540540541,0.04932432432432433,0.48026315789473684,4.5563427800269904,1.0,0.03849890430971512,1.7212452959288402,0.8698630136986302,0.31063829787234043,0.4190252822388297,0.4741059379217274,"YearsAtCompany_bin_nan, TotalWorkingYears_bin_nan, MonthlyIncome_bin_nan, Age_bin_nan, AttritionLabel_Leave → JobLevel_-0.963503753471408, OverTime_Yes_True"
"frozenset({'Age_bin_nan', 'JobLevel_-0.963503753471408', 'OverTime_Yes_True'})","frozenset({'TotalWorkingYears_bin_nan', 'MonthlyIncome_bin_nan', 'AttritionLabel_Leave', 'YearsAtCompany_bin_nan'})",0.10540540540540541,0.10270270270270271,0.04932432432432433,0.46794871794871795,4.5563427800269904,1.0,0.03849890430971512,1.6864864864864864,0.8724909986342756,0.31063829787234043,0.40705128205128205,0.4741059379217274,"Age_bin_nan, JobLevel_-0.963503753471408, OverTime_Yes_True → TotalWorkingYears_bin_nan, MonthlyIncome_bin_nan, AttritionLabel_Leave, YearsAtCompany_bin_nan"
"frozenset({'JobLevel_-0.963503753471408', 'OverTime_Yes_True'})","frozenset({'Age_bin_nan', 'TotalWorkingYears_bin_nan', 'MonthlyIncome_bin_nan', 'AttritionLabel_Leave'})",0.10540540540540541,0.11283783783783784,0.05337837837837838,0.5064102564102564,4.487947182557961,1.0,0.04148466033601169,1.7973674973674973,0.8687521511338866,0.32377049180327877,0.44363075360790516,0.48973207431291266,"JobLevel_-0.963503753471408, OverTime_Yes_True → Age_bin_nan, TotalWorkingYears_bin_nan, MonthlyIncome_bin_nan, AttritionLabel_Leave"
"frozenset({'JobLevel_-0.963503753471408', 'OverTime_Yes_True'})","frozenset({'TotalWorkingYears_bin_nan', 'MonthlyIncome_bin_nan', 'AttritionLabel_Leave'})",0.10540540540540541,0.11283783783783784,0.05337837837837838,0.5064102564102564,4.487947182557961,1.0,0.04148466033601169,1.7973674973674973,0.8687521511338866,0.32377049180327877,0.44363075360790516,0.48973207431291266,"JobLevel_-0.963503753471408, OverTime_Yes_True → TotalWorkingYears_bin_nan, MonthlyIncome_bin_nan, AttritionLabel_Leave"
"frozenset({'Age_bin_nan', 'JobLevel_-0.963503753471408', 'OverTime_Yes_True'})","frozenset({'TotalWorkingYears_bin_nan', 'MonthlyIncome_bin_nan', 'AttritionLabel_Leave'})",0.10540540540540541,0.11283783783783784,0.05337837837837838,0.5064102564102564,4.487947182557961,1.0,0.04148466033601169,1.7973674973674973,0.8687521511338866,0.32377049180327877,0.44363075360790516,0.48973207431291266,"Age_bin_nan, JobLevel_-0.963503753471408, OverTime_Yes_True → TotalWorkingYears_bin_nan, MonthlyIncome_bin_nan, AttritionLabel_Leave"
"frozenset({'TotalWorkingYears_bin_nan', 'MonthlyIncome_bin_nan', 'AttritionLabel_Leave'})","frozenset({'JobLevel_-0.963503753471408', 'OverTime_Yes_True'})",0.11283783783783784,0.10540540540540541,0.05337837837837838,0.47305389221556887,4.487947182557961,1.0,0.04148466033601169,1.6976965601965603,0.8760303488966229,0.32377049180327877,0.4109665864645332,0.48973207431291266,"TotalWorkingYears_bin_nan, MonthlyIncome_bin_nan, AttritionLabel_Leave → JobLevel_-0.963503753471408, OverTime_Yes_True"
"frozenset({'TotalWorkingYears_bin_nan', 'MonthlyIncome_bin_nan', 'AttritionLabel_Leave'})","frozenset({'Age_bin_nan', 'JobLevel_-0.963503753471408', 'OverTime_Yes_True'})",0.11283783783783784,0.10540540540540541,0.05337837837837838,0.47305389221556887,4.487947182557961,1.0,0.04148466033601169,1.6976965601965603,0.8760303488966229,0.32377049180327877,0.4109665864645332,0.48973207431291266,"TotalWorkingYears_bin_nan, MonthlyIncome_bin_nan, AttritionLabel_Leave → Age_bin_nan, JobLevel_-0.963503753471408, OverTime_Yes_True"
"frozenset({'Age_bin_nan', 'TotalWorkingYears_bin_nan', 'MonthlyIncome_bin_nan', 'AttritionLabel_Leave'})","frozenset({'JobLevel_-0.963503753471408', 'OverTime_Yes_True'})",0.11283783783783784,0.10540540540540541,0.05337837837837838,0.47305389221556887,4.487947182557961,1.0,0.04148466033601169,1.6976965601965603,0.8760303488966229,0.32377049180327877,0.4109665864645332,0.48973207431291266,"Age_bin_nan, TotalWorkingYears_bin_nan, MonthlyIncome_bin_nan, AttritionLabel_Leave → JobLevel_-0.963503753471408, OverTime_Yes_True"
"frozenset({'OverTime_Yes_True', 'YearsAtCompany_bin_nan', 'TotalWorkingYears_bin_nan', 'JobLevel_-0.963503753471408', 'Age_bin_nan'})","frozenset({'MonthlyIncome_bin_nan', 'AttritionLabel_Leave'})",0.0891891891891892,0.125,0.04932432432432433,0.553030303030303,4.424242424242424,1.0,0.038175675675675674,1.9576271186440677,0.8497622047884231,0.29918032786885246,0.4891774891774891,0.47381244881244877,"OverTime_Yes_True, YearsAtCompany_bin_nan, TotalWorkingYears_bin_nan, JobLevel_-0.963503753471408, Age_bin_nan → MonthlyIncome_bin_nan, AttritionLabel_Leave"
"frozenset({'MonthlyIncome_bin_nan', 'AttritionLabel_Leave'})","frozenset({'TotalWorkingYears_bin_nan', 'JobLevel_-0.963503753471408', 'OverTime_Yes_True', 'YearsAtCompany_bin_nan'})",0.125,0.0891891891891892,0.04932432432432433,0.3945945945945946,4.424242424242424,1.0,0.038175675675675674,1.5044642857142856,0.8845401174168297,0.29918032786885246,0.3353115727002967,0.47381244881244877,"MonthlyIncome_bin_nan, AttritionLabel_Leave → TotalWorkingYears_bin_nan, JobLevel_-0.963503753471408, OverTime_Yes_True, YearsAtCompany_bin_nan"
"frozenset({'TotalWorkingYears_bin_nan', 'JobLevel_-0.963503753471408', 'OverTime_Yes_True', 'YearsAtCompany_bin_nan'})","frozenset({'Age_bin_nan', 'MonthlyIncome_bin_nan', 'AttritionLabel_Leave'})",0.0891891891891892,0.125,0.04932432432432433,0.553030303030303,4.424242424242424,1.0,0.038175675675675674,1.9576271186440677,0.8497622047884231,0.29918032786885246,0.4891774891774891,0.47381244881244877,"TotalWorkingYears_bin_nan, JobLevel_-0.963503753471408, OverTime_Yes_True, YearsAtCompany_bin_nan → Age_bin_nan, MonthlyIncome_bin_nan, AttritionLabel_Leave"
"frozenset({'TotalWorkingYears_bin_nan', 'JobLevel_-0.963503753471408', 'OverTime_Yes_True', 'YearsAtCompany_bin_nan'})","frozenset({'MonthlyIncome_bin_nan', 'AttritionLabel_Leave'})",0.0891891891891892,0.125,0.04932432432432433,0.553030303030303,4.424242424242424,1.0,0.038175675675675674,1.9576271186440677,0.8497622047884231,0.29918032786885246,0.4891774891774891,0.47381244881244877,"TotalWorkingYears_bin_nan, JobLevel_-0.963503753471408, OverTime_Yes_True, YearsAtCompany_bin_nan → MonthlyIncome_bin_nan, AttritionLabel_Leave"
"frozenset({'Age_bin_nan', 'MonthlyIncome_bin_nan', 'AttritionLabel_Leave'})","frozenset({'TotalWorkingYears_bin_nan', 'JobLevel_-0.963503753471408', 'OverTime_Yes_True', 'YearsAtCompany_bin_nan'})",0.125,0.0891891891891892,0.04932432432432433,0.3945945945945946,4.424242424242424,1.0,0.038175675675675674,1.5044642857142856,0.8845401174168297,0.29918032786885246,0.3353115727002967,0.47381244881244877,"Age_bin_nan, MonthlyIncome_bin_nan, AttritionLabel_Leave → TotalWorkingYears_bin_nan, JobLevel_-0.963503753471408, OverTime_Yes_True, YearsAtCompany_bin_nan"
"frozenset({'MonthlyIncome_bin_nan', 'AttritionLabel_Leave'})","frozenset({'OverTime_Yes_True', 'YearsAtCompany_bin_nan', 'TotalWorkingYears_bin_nan', 'JobLevel_-0.963503753471408', 'Age_bin_nan'})",0.125,0.0891891891891892,0.04932432432432433,0.3945945945945946,4.424242424242424,1.0,0.038175675675675674,1.5044642857142856,0.8845401174168297,0.29918032786885246,0.3353115727002967,0.47381244881244877,"MonthlyIncome_bin_nan, AttritionLabel_Leave → OverTime_Yes_True, YearsAtCompany_bin_nan, TotalWorkingYears_bin_nan, JobLevel_-0.963503753471408, Age_bin_nan"
"frozenset({'Age_bin_nan', 'JobLevel_-0.963503753471408', 'OverTime_Yes_True'})","frozenset({'MonthlyIncome_bin_nan', 'AttritionLabel_Leave', 'YearsAtCompany_bin_nan'})",0.10540540540540541,0.10878378378378378,0.05,0.47435897435897434,4.360566969262622,1.0,0.0385336011687363,1.695484508899143,0.8614762799052829,0.3045267489711935,0.4101980910168931,0.4669931517757605,"Age_bin_nan, JobLevel_-0.963503753471408, OverTime_Yes_True → MonthlyIncome_bin_nan, AttritionLabel_Leave, YearsAtCompany_bin_nan"
"frozenset({'MonthlyIncome_bin_nan', 'AttritionLabel_Leave', 'YearsAtCompany_bin_nan'})","frozenset({'Age_bin_nan', 'JobLevel_-0.963503753471408', 'OverTime_Yes_True'})",0.10878378378378378,0.10540540540540541,0.05,0.4596273291925466,4.360566969262622,1.0,0.0385336011687363,1.6555141348244795,0.8647419216031801,0.3045267489711935,0.39595804169559595,0.4669931517757605,"MonthlyIncome_bin_nan, AttritionLabel_Leave, YearsAtCompany_bin_nan → Age_bin_nan, JobLevel_-0.963503753471408, OverTime_Yes_True"
"frozenset({'Age_bin_nan', 'MonthlyIncome_bin_nan', 'AttritionLabel_Leave', 'YearsAtCompany_bin_nan'})","frozenset({'JobLevel_-0.963503753471408', 'OverTime_Yes_True'})",0.10878378378378378,0.10540540540540541,0.05,0.4596273291925466,4.360566969262622,1.0,0.0385336011687363,1.6555141348244795,0.8647419216031801,0.3045267489711935,0.39595804169559595,0.4669931517757605,"Age_bin_nan, MonthlyIncome_bin_nan, AttritionLabel_Leave, YearsAtCompany_bin_nan → JobLevel_-0.963503753471408, OverTime_Yes_True"
"frozenset({'MonthlyIncome_bin_nan', 'AttritionLabel_Leave', 'YearsAtCompany_bin_nan'})","frozenset({'JobLevel_-0.963503753471408', 'OverTime_Yes_True'})",0.10878378378378378,0.10540540540540541,0.05,0.4596273291925466,4.360566969262622,1.0,0.0385336011687363,1.6555141348244795,0.8647419216031801,0.3045267489711935,0.39595804169559595,0.4669931517757605,"MonthlyIncome_bin_nan, AttritionLabel_Leave, YearsAtCompany_bin_nan → JobLevel_-0.963503753471408, OverTime_Yes_True"
"frozenset({'JobLevel_-0.963503753471408', 'OverTime_Yes_True'})","frozenset({'MonthlyIncome_bin_nan', 'AttritionLabel_Leave', 'YearsAtCompany_bin_nan'})",0.10540540540540541,0.10878378378378378,0.05,0.47435897435897434,4.360566969262622,1.0,0.0385336011687363,1.695484508899143,0.8614762799052829,0.3045267489711935,0.4101980910168931,0.4669931517757605,"JobLevel_-0.963503753471408, OverTime_Yes_True → MonthlyIncome_bin_nan, AttritionLabel_Leave, YearsAtCompany_bin_nan"
"frozenset({'JobLevel_-0.963503753471408', 'OverTime_Yes_True'})","frozenset({'Age_bin_nan', 'MonthlyIncome_bin_nan', 'AttritionLabel_Leave', 'YearsAtCompany_bin_nan'})",0.10540540540540541,0.10878378378378378,0.05,0.47435897435897434,4.360566969262622,1.0,0.0385336011687363,1.695484508899143,0.8614762799052829,0.3045267489711935,0.4101980910168931,0.4669931517757605,"JobLevel_-0.963503753471408, OverTime_Yes_True → Age_bin_nan, MonthlyIncome_bin_nan, AttritionLabel_Leave, YearsAtCompany_bin_nan"
"frozenset({'Age_bin_nan', 'JobLevel_-0.963503753471408', 'OverTime_Yes_True', 'YearsAtCompany_bin_nan'})","frozenset({'MonthlyIncome_bin_nan', 'AttritionLabel_Leave'})",0.0918918918918919,0.125,0.05,0.5441176470588235,4.352941176470588,1.0,0.038513513513513516,1.9193548387096773,0.8482142857142856,0.29959514170040485,0.4789915966386554,0.47205882352941175,"Age_bin_nan, JobLevel_-0.963503753471408, OverTime_Yes_True, YearsAtCompany_bin_nan → MonthlyIncome_bin_nan, AttritionLabel_Leave"
"frozenset({'MonthlyIncome_bin_nan', 'AttritionLabel_Leave'})","frozenset({'Age_bin_nan', 'JobLevel_-0.963503753471408', 'OverTime_Yes_True', 'YearsAtCompany_bin_nan'})",0.125,0.0918918918918919,0.05,0.4,4.352941176470588,1.0,0.038513513513513516,1.5135135135135136,0.8803088803088803,0.29959514170040485,0.3392857142857143,0.47205882352941175,"MonthlyIncome_bin_nan, AttritionLabel_Leave → Age_bin_nan, JobLevel_-0.963503753471408, OverTime_Yes_True, YearsAtCompany_bin_nan"
"frozenset({'JobLevel_-0.963503753471408', 'OverTime_Yes_True', 'YearsAtCompany_bin_nan'})","frozenset({'MonthlyIncome_bin_nan', 'AttritionLabel_Leave'})",0.0918918918918919,0.125,0.05,0.5441176470588235,4.352941176470588,1.0,0.038513513513513516,1.9193548387096773,0.8482142857142856,0.29959514170040485,0.4789915966386554,0.47205882352941175,"JobLevel_-0.963503753471408, OverTime_Yes_True, YearsAtCompany_bin_nan → MonthlyIncome_bin_nan, AttritionLabel_Leave"
"frozenset({'JobLevel_-0.963503753471408', 'OverTime_Yes_True', 'YearsAtCompany_bin_nan'})","frozenset({'Age_bin_nan', 'MonthlyIncome_bin_nan', 'AttritionLabel_Leave'})",0.0918918918918919,0.125,0.05,0.5441176470588235,4.352941176470588,1.0,0.038513513513513516,1.9193548387096773,0.8482142857142856,0.29959514170040485,0.4789915966386554,0.47205882352941175,"JobLevel_-0.963503753471408, OverTime_Yes_True, YearsAtCompany_bin_nan → Age_bin_nan, MonthlyIncome_bin_nan, AttritionLabel_Leave"
"frozenset({'Age_bin_nan', 'MonthlyIncome_bin_nan', 'AttritionLabel_Leave'})","frozenset({'JobLevel_-0.963503753471408', 'OverTime_Yes_True', 'YearsAtCompany_bin_nan'})",0.125,0.0918918918918919,0.05,0.4,4.352941176470588,1.0,0.038513513513513516,1.5135135135135136,0.8803088803088803,0.29959514170040485,0.3392857142857143,0.47205882352941175,"Age_bin_nan, MonthlyIncome_bin_nan, AttritionLabel_Leave → JobLevel_-0.963503753471408, OverTime_Yes_True, YearsAtCompany_bin_nan"
"frozenset({'MonthlyIncome_bin_nan', 'AttritionLabel_Leave'})","frozenset({'JobLevel_-0.963503753471408', 'OverTime_Yes_True', 'YearsAtCompany_bin_nan'})",0.125,0.0918918918918919,0.05,0.4,4.352941176470588,1.0,0.038513513513513516,1.5135135135135136,0.8803088803088803,0.29959514170040485,0.3392857142857143,0.47205882352941175,"MonthlyIncome_bin_nan, AttritionLabel_Leave → JobLevel_-0.963503753471408, OverTime_Yes_True, YearsAtCompany_bin_nan"
"frozenset({'Age_bin_nan', 'MonthlyIncome_bin_nan', 'AttritionLabel_Leave'})","frozenset({'TotalWorkingYears_bin_nan', 'JobLevel_-0.963503753471408', 'OverTime_Yes_True'})",0.125,0.09864864864864865,0.05337837837837838,0.42702702702702705,4.328767123287672,1.0,0.0410472972972973,1.57311320754717,0.8788426763110307,0.31349206349206354,0.3643178410794603,0.484061458718993,"Age_bin_nan, MonthlyIncome_bin_nan, AttritionLabel_Leave → TotalWorkingYears_bin_nan, JobLevel_-0.963503753471408, OverTime_Yes_True"
"frozenset({'MonthlyIncome_bin_nan', 'AttritionLabel_Leave'})","frozenset({'Age_bin_nan', 'TotalWorkingYears_bin_nan', 'JobLevel_-0.963503753471408', 'OverTime_Yes_True'})",0.125,0.09864864864864865,0.05337837837837838,0.42702702702702705,4.328767123287672,1.0,0.0410472972972973,1.57311320754717,0.8788426763110307,0.31349206349206354,0.3643178410794603,0.484061458718993,"MonthlyIncome_bin_nan, AttritionLabel_Leave → Age_bin_nan, TotalWorkingYears_bin_nan, JobLevel_-0.963503753471408, OverTime_Yes_True"
"frozenset({'TotalWorkingYears_bin_nan', 'JobLevel_-0.963503753471408', 'OverTime_Yes_True'})","frozenset({'MonthlyIncome_bin_nan', 'AttritionLabel_Leave'})",0.09864864864864865,0.125,0.05337837837837838,0.541095890410959,4.328767123287672,1.0,0.0410472972972973,1.9067164179104479,0.8531493746797488,0.31349206349206354,0.4755381604696674,0.484061458718993,"TotalWorkingYears_bin_nan, JobLevel_-0.963503753471408, OverTime_Yes_True → MonthlyIncome_bin_nan, AttritionLabel_Leave"
"frozenset({'Age_bin_nan', 'TotalWorkingYears_bin_nan', 'JobLevel_-0.963503753471408', 'OverTime_Yes_True'})","frozenset({'MonthlyIncome_bin_nan', 'AttritionLabel_Leave'})",0.09864864864864865,0.125,0.05337837837837838,0.541095890410959,4.328767123287672,1.0,0.0410472972972973,1.9067164179104479,0.8531493746797488,0.31349206349206354,0.4755381604696674,0.484061458718993,"Age_bin_nan, TotalWorkingYears_bin_nan, JobLevel_-0.963503753471408, OverTime_Yes_True → MonthlyIncome_bin_nan, AttritionLabel_Leave"
"frozenset({'TotalWorkingYears_bin_nan', 'JobLevel_-0.963503753471408', 'OverTime_Yes_True'})","frozenset({'Age_bin_nan', 'MonthlyIncome_bin_nan', 'AttritionLabel_Leave'})",0.09864864864864865,0.125,0.05337837837837838,0.541095890410959,4.328767123287672,1.0,0.0410472972972973,1.9067164179104479,0.8531493746797488,0.31349206349206354,0.4755381604696674,0.484061458718993,"TotalWorkingYears_bin_nan, JobLevel_-0.963503753471408, OverTime_Yes_True → Age_bin_nan, MonthlyIncome_bin_nan, AttritionLabel_Leave"
"frozenset({'MonthlyIncome_bin_nan', 'AttritionLabel_Leave'})","frozenset({'TotalWorkingYears_bin_nan', 'JobLevel_-0.963503753471408', 'OverTime_Yes_True'})",0.125,0.09864864864864865,0.05337837837837838,0.42702702702702705,4.328767123287672,1.0,0.0410472972972973,1.57311320754717,0.8788426763110307,0.31349206349206354,0.3643178410794603,0.484061458718993,"MonthlyIncome_bin_nan, AttritionLabel_Leave → TotalWorkingYears_bin_nan, JobLevel_-0.963503753471408, OverTime_Yes_True"
"frozenset({'TotalWorkingYears_bin_nan', 'AttritionLabel_Leave', 'YearsAtCompany_bin_nan'})","frozenset({'JobLevel_-0.963503753471408', 'MonthlyIncome_bin_nan', 'OverTime_Yes_True'})",0.10878378378378378,0.10540540540540541,0.04932432432432433,0.453416149068323,4.30164038859691,1.0,0.037857925493060635,1.6367014742014743,0.8612169867167946,0.29918032786885246,0.3890150306806028,0.46068243350852045,"TotalWorkingYears_bin_nan, AttritionLabel_Leave, YearsAtCompany_bin_nan → JobLevel_-0.963503753471408, MonthlyIncome_bin_nan, OverTime_Yes_True"
"frozenset({'JobLevel_-0.963503753471408', 'MonthlyIncome_bin_nan', 'OverTime_Yes_True'})","frozenset({'TotalWorkingYears_bin_nan', 'AttritionLabel_Leave', 'YearsAtCompany_bin_nan'})",0.10540540540540541,0.10878378378378378,0.04932432432432433,0.46794871794871795,4.30164038859691,1.0,0.037857925493060635,1.675056984695539,0.8579646567065349,0.29918032786885246,0.40300538480978204,0.46068243350852045,"JobLevel_-0.963503753471408, MonthlyIncome_bin_nan, OverTime_Yes_True → TotalWorkingYears_bin_nan, AttritionLabel_Leave, YearsAtCompany_bin_nan"
"frozenset({'Age_bin_nan', 'TotalWorkingYears_bin_nan', 'AttritionLabel_Leave', 'YearsAtCompany_bin_nan'})","frozenset({'JobLevel_-0.963503753471408', 'MonthlyIncome_bin_nan', 'OverTime_Yes_True'})",0.10878378378378378,0.10540540540540541,0.04932432432432433,0.453416149068323,4.30164038859691,1.0,0.037857925493060635,1.6367014742014743,0.8612169867167946,0.29918032786885246,0.3890150306806028,0.46068243350852045,"Age_bin_nan, TotalWorkingYears_bin_nan, AttritionLabel_Leave, YearsAtCompany_bin_nan → JobLevel_-0.963503753471408, MonthlyIncome_bin_nan, OverTime_Yes_True"
"frozenset({'Age_bin_nan', 'JobLevel_-0.963503753471408', 'MonthlyIncome_bin_nan', 'OverTime_Yes_True'})","frozenset({'TotalWorkingYears_bin_nan', 'AttritionLabel_Leave', 'YearsAtCompany_bin_nan'})",0.10540540540540541,0.10878378378378378,0.04932432432432433,0.46794871794871795,4.30164038859691,1.0,0.037857925493060635,1.675056984695539,0.8579646567065349,0.29918032786885246,0.40300538480978204,0.46068243350852045,"Age_bin_nan, JobLevel_-0.963503753471408, MonthlyIncome_bin_nan, OverTime_Yes_True → TotalWorkingYears_bin_nan, AttritionLabel_Leave, YearsAtCompany_bin_nan"
"frozenset({'TotalWorkingYears_bin_nan', 'AttritionLabel_Leave', 'YearsAtCompany_bin_nan'})","frozenset({'JobLevel_-0.963503753471408', 'OverTime_Yes_True'})",0.10878378378378378,0.10540540540540541,0.04932432432432433,0.453416149068323,4.30164038859691,1.0,0.037857925493060635,1.6367014742014743,0.8612169867167946,0.29918032786885246,0.3890150306806028,0.46068243350852045,"TotalWorkingYears_bin_nan, AttritionLabel_Leave, YearsAtCompany_bin_nan → JobLevel_-0.963503753471408, OverTime_Yes_True"
"frozenset({'TotalWorkingYears_bin_nan', 'AttritionLabel_Leave', 'YearsAtCompany_bin_nan'})","frozenset({'Age_bin_nan', 'JobLevel_-0.963503753471408', 'MonthlyIncome_bin_nan', 'OverTime_Yes_True'})",0.10878378378378378,0.10540540540540541,0.04932432432432433,0.453416149068323,4.30164038859691,1.0,0.037857925493060635,1.6367014742014743,0.8612169867167946,0.29918032786885246,0.3890150306806028,0.46068243350852045,"TotalWorkingYears_bin_nan, AttritionLabel_Leave, YearsAtCompany_bin_nan → Age_bin_nan, JobLevel_-0.963503753471408, MonthlyIncome_bin_nan, OverTime_Yes_True"
"frozenset({'JobLevel_-0.963503753471408', 'MonthlyIncome_bin_nan', 'OverTime_Yes_True'})","frozenset({'Age_bin_nan', 'TotalWorkingYears_bin_nan', 'AttritionLabel_Leave', 'YearsAtCompany_bin_nan'})",0.10540540540540541,0.10878378378378378,0.04932432432432433,0.46794871794871795,4.30164038859691,1.0,0.037857925493060635,1.675056984695539,0.8579646567065349,0.29918032786885246,0.40300538480978204,0.46068243350852045,"JobLevel_-0.963503753471408, MonthlyIncome_bin_nan, OverTime_Yes_True → Age_bin_nan, TotalWorkingYears_bin_nan, AttritionLabel_Leave, YearsAtCompany_bin_nan"
"frozenset({'JobLevel_-0.963503753471408', 'OverTime_Yes_True'})","frozenset({'Age_bin_nan', 'TotalWorkingYears_bin_nan', 'AttritionLabel_Leave', 'YearsAtCompany_bin_nan'})",0.10540540540540541,0.10878378378378378,0.04932432432432433,0.46794871794871795,4.30164038859691,1.0,0.037857925493060635,1.675056984695539,0.8579646567065349,0.29918032786885246,0.40300538480978204,0.46068243350852045,"JobLevel_-0.963503753471408, OverTime_Yes_True → Age_bin_nan, TotalWorkingYears_bin_nan, AttritionLabel_Leave, YearsAtCompany_bin_nan"
"frozenset({'TotalWorkingYears_bin_nan', 'AttritionLabel_Leave', 'YearsAtCompany_bin_nan'})","frozenset({'Age_bin_nan', 'JobLevel_-0.963503753471408', 'OverTime_Yes_True'})",0.10878378378378378,0.10540540540540541,0.04932432432432433,0.453416149068323,4.30164038859691,1.0,0.037857925493060635,1.6367014742014743,0.8612169867167946,0.29918032786885246,0.3890150306806028,0.46068243350852045,"TotalWorkingYears_bin_nan, AttritionLabel_Leave, YearsAtCompany_bin_nan → Age_bin_nan, JobLevel_-0.963503753471408, OverTime_Yes_True"
"frozenset({'Age_bin_nan', 'JobLevel_-0.963503753471408', 'OverTime_Yes_True'})","frozenset({'TotalWorkingYears_bin_nan', 'AttritionLabel_Leave', 'YearsAtCompany_bin_nan'})",0.10540540540540541,0.10878378378378378,0.04932432432432433,0.46794871794871795,4.30164038859691,1.0,0.037857925493060635,1.675056984695539,0.8579646567065349,0.29918032786885246,0.40300538480978204,0.46068243350852045,"Age_bin_nan, JobLevel_-0.963503753471408, OverTime_Yes_True → TotalWorkingYears_bin_nan, AttritionLabel_Leave, YearsAtCompany_bin_nan"
"frozenset({'Age_bin_nan', 'TotalWorkingYears_bin_nan', 'AttritionLabel_Leave', 'YearsAtCompany_bin_nan'})","frozenset({'JobLevel_-0.963503753471408', 'OverTime_Yes_True'})",0.10878378378378378,0.10540540540540541,0.04932432432432433,0.453416149068323,4.30164038859691,1.0,0.037857925493060635,1.6367014742014743,0.8612169867167946,0.29918032786885246,0.3890150306806028,0.46068243350852045,"Age_bin_nan, TotalWorkingYears_bin_nan, AttritionLabel_Leave, YearsAtCompany_bin_nan → JobLevel_-0.963503753471408, OverTime_Yes_True"
"frozenset({'JobLevel_-0.963503753471408', 'OverTime_Yes_True'})","frozenset({'TotalWorkingYears_bin_nan', 'AttritionLabel_Leave', 'YearsAtCompany_bin_nan'})",0.10540540540540541,0.10878378378378378,0.04932432432432433,0.46794871794871795,4.30164038859691,1.0,0.037857925493060635,1.675056984695539,0.8579646567065349,0.29918032786885246,0.40300538480978204,0.46068243350852045,"JobLevel_-0.963503753471408, OverTime_Yes_True → TotalWorkingYears_bin_nan, AttritionLabel_Leave, YearsAtCompany_bin_nan"
"frozenset({'Age_bin_nan', 'JobLevel_-0.963503753471408', 'OverTime_Yes_True'})","frozenset({'MonthlyIncome_bin_nan', 'AttritionLabel_Leave'})",0.10540540540540541,0.125,0.05540540540540541,0.5256410256410257,4.205128205128205,1.0,0.04222972972972973,1.8445945945945947,0.8520005894922997,0.31660231660231664,0.4578754578754579,0.48444213444213446,"Age_bin_nan, JobLevel_-0.963503753471408, OverTime_Yes_True → MonthlyIncome_bin_nan, AttritionLabel_Leave"
"frozenset({'JobLevel_-0.963503753471408', 'OverTime_Yes_True'})","frozenset({'AttritionLabel_Leave', 'MonthlyIncome_bin_nan'})",0.10540540540540541,0.125,0.05540540540540541,0.5256410256410257,4.205128205128205,1.0,0.04222972972972973,1.8445945945945947,0.8520005894922997,0.31660231660231664,0.4578754578754579,0.48444213444213446,"JobLevel_-0.963503753471408, OverTime_Yes_True → AttritionLabel_Leave, MonthlyIncome_bin_nan"
"frozenset({'Age_bin_nan', 'MonthlyIncome_bin_nan', 'AttritionLabel_Leave'})","frozenset({'JobLevel_-0.963503753471408', 'OverTime_Yes_True'})",0.125,0.10540540540540541,0.05540540540540541,0.44324324324324327,4.205128205128205,1.0,0.04222972972972973,1.6067961165048543,0.8710801393728222,0.31660231660231664,0.3776435045317221,0.48444213444213446,"Age_bin_nan, MonthlyIncome_bin_nan, AttritionLabel_Leave → JobLevel_-0.963503753471408, OverTime_Yes_True"
"frozenset({'MonthlyIncome_bin_nan', 'AttritionLabel_Leave'})","frozenset({'Age_bin_nan', 'JobLevel_-0.963503753471408', 'OverTime_Yes_True'})",0.125,0.10540540540540541,0.05540540540540541,0.44324324324324327,4.205128205128205,1.0,0.04222972972972973,1.6067961165048543,0.8710801393728222,0.31660231660231664,0.3776435045317221,0.48444213444213446,"MonthlyIncome_bin_nan, AttritionLabel_Leave → Age_bin_nan, JobLevel_-0.963503753471408, OverTime_Yes_True"
"frozenset({'JobLevel_-0.963503753471408', 'OverTime_Yes_True'})","frozenset({'Age_bin_nan', 'MonthlyIncome_bin_nan', 'AttritionLabel_Leave'})",0.10540540540540541,0.125,0.05540540540540541,0.5256410256410257,4.205128205128205,1.0,0.04222972972972973,1.8445945945945947,0.8520005894922997,0.31660231660231664,0.4578754578754579,0.48444213444213446,"JobLevel_-0.963503753471408, OverTime_Yes_True → Age_bin_nan, MonthlyIncome_bin_nan, AttritionLabel_Leave"
"frozenset({'AttritionLabel_Leave', 'MonthlyIncome_bin_nan'})","frozenset({'JobLevel_-0.963503753471408', 'OverTime_Yes_True'})",0.125,0.10540540540540541,0.05540540540540541,0.44324324324324327,4.205128205128205,1.0,0.04222972972972973,1.6067961165048543,0.8710801393728222,0.31660231660231664,0.3776435045317221,0.48444213444213446,"AttritionLabel_Leave, MonthlyIncome_bin_nan → JobLevel_-0.963503753471408, OverTime_Yes_True"
"frozenset({'Age_bin_nan', 'TotalWorkingYears_bin_nan', 'AttritionLabel_Leave'})","frozenset({'JobLevel_-0.963503753471408', 'OverTime_Yes_True', 'YearsAtCompany_bin_nan'})",0.1277027027027027,0.0918918918918919,0.04932432432432433,0.3862433862433863,4.203236850295674,1.0,0.03758948137326516,1.4795899347623487,0.8736563988837368,0.2896825396825397,0.3241370622323003,0.4615040460628696,"Age_bin_nan, TotalWorkingYears_bin_nan, AttritionLabel_Leave → JobLevel_-0.963503753471408, OverTime_Yes_True, YearsAtCompany_bin_nan"
"frozenset({'TotalWorkingYears_bin_nan', 'AttritionLabel_Leave'})","frozenset({'Age_bin_nan', 'JobLevel_-0.963503753471408', 'OverTime_Yes_True', 'YearsAtCompany_bin_nan'})",0.1277027027027027,0.0918918918918919,0.04932432432432433,0.3862433862433863,4.203236850295674,1.0,0.03758948137326516,1.4795899347623487,0.8736563988837368,0.2896825396825397,0.3241370622323003,0.4615040460628696,"TotalWorkingYears_bin_nan, AttritionLabel_Leave → Age_bin_nan, JobLevel_-0.963503753471408, OverTime_Yes_True, YearsAtCompany_bin_nan"
"frozenset({'TotalWorkingYears_bin_nan', 'AttritionLabel_Leave'})","frozenset({'JobLevel_-0.963503753471408', 'MonthlyIncome_bin_nan', 'OverTime_Yes_True', 'YearsAtCompany_bin_nan'})",0.1277027027027027,0.0918918918918919,0.04932432432432433,0.3862433862433863,4.203236850295674,1.0,0.03758948137326516,1.4795899347623487,0.8736563988837368,0.2896825396825397,0.3241370622323003,0.4615040460628696,"TotalWorkingYears_bin_nan, AttritionLabel_Leave → JobLevel_-0.963503753471408, MonthlyIncome_bin_nan, OverTime_Yes_True, YearsAtCompany_bin_nan"
"frozenset({'TotalWorkingYears_bin_nan', 'AttritionLabel_Leave'})","frozenset({'OverTime_Yes_True', 'YearsAtCompany_bin_nan', 'JobLevel_-0.963503753471408', 'MonthlyIncome_bin_nan', 'Age_bin_nan'})",0.1277027027027027,0.0918918918918919,0.04932432432432433,0.3862433862433863,4.203236850295674,1.0,0.03758948137326516,1.4795899347623487,0.8736563988837368,0.2896825396825397,0.3241370622323003,0.4615040460628696,"TotalWorkingYears_bin_nan, AttritionLabel_Leave → OverTime_Yes_True, YearsAtCompany_bin_nan, JobLevel_-0.963503753471408, MonthlyIncome_bin_nan, Age_bin_nan"
"frozenset({'TotalWorkingYears_bin_nan', 'AttritionLabel_Leave'})","frozenset({'JobLevel_-0.963503753471408', 'OverTime_Yes_True', 'YearsAtCompany_bin_nan'})",0.1277027027027027,0.0918918918918919,0.04932432432432433,0.3862433862433863,4.203236850295674,1.0,0.03758948137326516,1.4795899347623487,0.8736563988837368,0.2896825396825397,0.3241370622323003,0.4615040460628696,"TotalWorkingYears_bin_nan, AttritionLabel_Leave → JobLevel_-0.963503753471408, OverTime_Yes_True, YearsAtCompany_bin_nan"
"frozenset({'Age_bin_nan', 'TotalWorkingYears_bin_nan', 'AttritionLabel_Leave'})","frozenset({'JobLevel_-0.963503753471408', 'MonthlyIncome_bin_nan', 'OverTime_Yes_True', 'YearsAtCompany_bin_nan'})",0.1277027027027027,0.0918918918918919,0.04932432432432433,0.3862433862433863,4.203236850295674,1.0,0.03758948137326516,1.4795899347623487,0.8736563988837368,0.2896825396825397,0.3241370622323003,0.4615040460628696,"Age_bin_nan, TotalWorkingYears_bin_nan, AttritionLabel_Leave → JobLevel_-0.963503753471408, MonthlyIncome_bin_nan, OverTime_Yes_True, YearsAtCompany_bin_nan"
"frozenset({'JobLevel_-0.963503753471408', 'OverTime_Yes_True', 'YearsAtCompany_bin_nan'})","frozenset({'Age_bin_nan', 'TotalWorkingYears_bin_nan', 'AttritionLabel_Leave'})",0.0918918918918919,0.1277027027027027,0.04932432432432433,0.5367647058823529,4.203236850295673,1.0,0.03758948137326516,1.883054483054483,0.8392041748206133,0.2896825396825397,0.46894791998906454,0.4615040460628696,"JobLevel_-0.963503753471408, OverTime_Yes_True, YearsAtCompany_bin_nan → Age_bin_nan, TotalWorkingYears_bin_nan, AttritionLabel_Leave"
"frozenset({'JobLevel_-0.963503753471408', 'OverTime_Yes_True', 'YearsAtCompany_bin_nan'})","frozenset({'TotalWorkingYears_bin_nan', 'AttritionLabel_Leave'})",0.0918918918918919,0.1277027027027027,0.04932432432432433,0.5367647058823529,4.203236850295673,1.0,0.03758948137326516,1.883054483054483,0.8392041748206133,0.2896825396825397,0.46894791998906454,0.4615040460628696,"JobLevel_-0.963503753471408, OverTime_Yes_True, YearsAtCompany_bin_nan → TotalWorkingYears_bin_nan, AttritionLabel_Leave"
"frozenset({'JobLevel_-0.963503753471408', 'MonthlyIncome_bin_nan', 'OverTime_Yes_True', 'YearsAtCompany_bin_nan'})","frozenset({'Age_bin_nan', 'TotalWorkingYears_bin_nan', 'AttritionLabel_Leave'})",0.0918918918918919,0.1277027027027027,0.04932432432432433,0.5367647058823529,4.203236850295673,1.0,0.03758948137326516,1.883054483054483,0.8392041748206133,0.2896825396825397,0.46894791998906454,0.4615040460628696,"JobLevel_-0.963503753471408, MonthlyIncome_bin_nan, OverTime_Yes_True, YearsAtCompany_bin_nan → Age_bin_nan, TotalWorkingYears_bin_nan, AttritionLabel_Leave"
"frozenset({'OverTime_Yes_True', 'YearsAtCompany_bin_nan', 'JobLevel_-0.963503753471408', 'MonthlyIncome_bin_nan', 'Age_bin_nan'})","frozenset({'TotalWorkingYears_bin_nan', 'AttritionLabel_Leave'})",0.0918918918918919,0.1277027027027027,0.04932432432432433,0.5367647058823529,4.203236850295673,1.0,0.03758948137326516,1.883054483054483,0.8392041748206133,0.2896825396825397,0.46894791998906454,0.4615040460628696,"OverTime_Yes_True, YearsAtCompany_bin_nan, JobLevel_-0.963503753471408, MonthlyIncome_bin_nan, Age_bin_nan → TotalWorkingYears_bin_nan, AttritionLabel_Leave"
"frozenset({'JobLevel_-0.963503753471408', 'MonthlyIncome_bin_nan', 'OverTime_Yes_True', 'YearsAtCompany_bin_nan'})","frozenset({'TotalWorkingYears_bin_nan', 'AttritionLabel_Leave'})",0.0918918918918919,0.1277027027027027,0.04932432432432433,0.5367647058823529,4.203236850295673,1.0,0.03758948137326516,1.883054483054483,0.8392041748206133,0.2896825396825397,0.46894791998906454,0.4615040460628696,"JobLevel_-0.963503753471408, MonthlyIncome_bin_nan, OverTime_Yes_True, YearsAtCompany_bin_nan → TotalWorkingYears_bin_nan, AttritionLabel_Leave"
"frozenset({'Age_bin_nan', 'JobLevel_-0.963503753471408', 'OverTime_Yes_True', 'YearsAtCompany_bin_nan'})","frozenset({'TotalWorkingYears_bin_nan', 'AttritionLabel_Leave'})",0.0918918918918919,0.1277027027027027,0.04932432432432433,0.5367647058823529,4.203236850295673,1.0,0.03758948137326516,1.883054483054483,0.8392041748206133,0.2896825396825397,0.46894791998906454,0.4615040460628696,"Age_bin_nan, JobLevel_-0.963503753471408, OverTime_Yes_True, YearsAtCompany_bin_nan → TotalWorkingYears_bin_nan, AttritionLabel_Leave"
"frozenset({'JobLevel_-0.963503753471408', 'AttritionLabel_Leave'})","frozenset({'TotalWorkingYears_bin_nan', 'MonthlyIncome_bin_nan', 'OverTime_Yes_True', 'YearsAtCompany_bin_nan'})",0.09662162162162162,0.12364864864864865,0.04932432432432433,0.5104895104895105,4.128549046581834,1.0,0.03737719138056976,1.790260617760618,0.8388336185080071,0.2885375494071146,0.4414221091167892,0.45469830715732357,"JobLevel_-0.963503753471408, AttritionLabel_Leave → TotalWorkingYears_bin_nan, MonthlyIncome_bin_nan, OverTime_Yes_True, YearsAtCompany_bin_nan"
"frozenset({'Age_bin_nan', 'JobLevel_-0.963503753471408', 'AttritionLabel_Leave'})","frozenset({'TotalWorkingYears_bin_nan', 'MonthlyIncome_bin_nan', 'OverTime_Yes_True', 'YearsAtCompany_bin_nan'})",0.09662162162162162,0.12364864864864865,0.04932432432432433,0.5104895104895105,4.128549046581834,1.0,0.03737719138056976,1.790260617760618,0.8388336185080071,0.2885375494071146,0.4414221091167892,0.45469830715732357,"Age_bin_nan, JobLevel_-0.963503753471408, AttritionLabel_Leave → TotalWorkingYears_bin_nan, MonthlyIncome_bin_nan, OverTime_Yes_True, YearsAtCompany_bin_nan"
"frozenset({'JobLevel_-0.963503753471408', 'AttritionLabel_Leave'})","frozenset({'OverTime_Yes_True', 'YearsAtCompany_bin_nan', 'TotalWorkingYears_bin_nan', 'MonthlyIncome_bin_nan', 'Age_bin_nan'})",0.09662162162162162,0.12364864864864865,0.04932432432432433,0.5104895104895105,4.128549046581834,1.0,0.03737719138056976,1.790260617760618,0.8388336185080071,0.2885375494071146,0.4414221091167892,0.45469830715732357,"JobLevel_-0.963503753471408, AttritionLabel_Leave → OverTime_Yes_True, YearsAtCompany_bin_nan, TotalWorkingYears_bin_nan, MonthlyIncome_bin_nan, Age_bin_nan"
"frozenset({'OverTime_Yes_True', 'YearsAtCompany_bin_nan', 'TotalWorkingYears_bin_nan', 'MonthlyIncome_bin_nan', 'Age_bin_nan'})","frozenset({'JobLevel_-0.963503753471408', 'AttritionLabel_Leave'})",0.12364864864864865,0.09662162162162162,0.04932432432432433,0.3989071038251366,4.128549046581833,1.0,0.03737719138056976,1.5028931203931204,0.8647035836123403,0.2885375494071146,0.33461668935018857,0.45469830715732357,"OverTime_Yes_True, YearsAtCompany_bin_nan, TotalWorkingYears_bin_nan, MonthlyIncome_bin_nan, Age_bin_nan → JobLevel_-0.963503753471408, AttritionLabel_Leave"
"frozenset({'TotalWorkingYears_bin_nan', 'MonthlyIncome_bin_nan', 'OverTime_Yes_True', 'YearsAtCompany_bin_nan'})","frozenset({'Age_bin_nan', 'JobLevel_-0.963503753471408', 'AttritionLabel_Leave'})",0.12364864864864865,0.09662162162162162,0.04932432432432433,0.3989071038251366,4.128549046581833,1.0,0.03737719138056976,1.5028931203931204,0.8647035836123403,0.2885375494071146,0.33461668935018857,0.45469830715732357,"TotalWorkingYears_bin_nan, MonthlyIncome_bin_nan, OverTime_Yes_True, YearsAtCompany_bin_nan → Age_bin_nan, JobLevel_-0.963503753471408, AttritionLabel_Leave"
"frozenset({'TotalWorkingYears_bin_nan', 'MonthlyIncome_bin_nan', 'OverTime_Yes_True', 'YearsAtCompany_bin_nan'})","frozenset({'JobLevel_-0.963503753471408', 'AttritionLabel_Leave'})",0.12364864864864865,0.09662162162162162,0.04932432432432433,0.3989071038251366,4.128549046581833,1.0,0.03737719138056976,1.5028931203931204,0.8647035836123403,0.2885375494071146,0.33461668935018857,0.45469830715732357,"TotalWorkingYears_bin_nan, MonthlyIncome_bin_nan, OverTime_Yes_True, YearsAtCompany_bin_nan → JobLevel_-0.963503753471408, AttritionLabel_Leave"
"frozenset({'Age_bin_nan', 'MonthlyIncome_bin_(0, 3000]', 'AttritionLabel_Leave'})",frozenset({'JobLevel_0.8461225855358053'}),0.03581081081081081,0.14864864864864866,0.021621621621621623,0.6037735849056604,4.061749571183533,1.0,0.016298392987582178,2.1486486486486482,0.7817974772249474,0.13278008298755187,0.5345911949685535,0.3746140651801029,"Age_bin_nan, MonthlyIncome_bin_(0, 3000], AttritionLabel_Leave → JobLevel_0.8461225855358053"
"frozenset({'MonthlyIncome_bin_(0, 3000]', 'AttritionLabel_Leave'})",frozenset({'JobLevel_0.8461225855358053'}),0.03581081081081081,0.14864864864864866,0.021621621621621623,0.6037735849056604,4.061749571183533,1.0,0.016298392987582178,2.1486486486486482,0.7817974772249474,0.13278008298755187,0.5345911949685535,0.3746140651801029,"MonthlyIncome_bin_(0, 3000], AttritionLabel_Leave → JobLevel_0.8461225855358053"
"frozenset({'MonthlyIncome_bin_(0, 3000]', 'AttritionLabel_Leave'})","frozenset({'Age_bin_nan', 'JobLevel_0.8461225855358053'})",0.03581081081081081,0.14864864864864866,0.021621621621621623,0.6037735849056604,4.061749571183533,1.0,0.016298392987582178,2.1486486486486482,0.7817974772249474,0.13278008298755187,0.5345911949685535,0.3746140651801029,"MonthlyIncome_bin_(0, 3000], AttritionLabel_Leave → Age_bin_nan, JobLevel_0.8461225855358053"
"frozenset({'AttritionLabel_Leave', 'YearsAtCompany_bin_nan'})","frozenset({'OverTime_Yes_True', 'TotalWorkingYears_bin_nan', 'JobLevel_-0.963503753471408', 'MonthlyIncome_bin_nan', 'Age_bin_nan'})",0.12364864864864865,0.09864864864864865,0.04932432432432433,0.3989071038251366,4.043715846994536,1.0,0.03712655222790358,1.4995208845208845,0.8589051657671548,0.28515625,0.33312032508336,0.4494535519125683,"AttritionLabel_Leave, YearsAtCompany_bin_nan → OverTime_Yes_True, TotalWorkingYears_bin_nan, JobLevel_-0.963503753471408, MonthlyIncome_bin_nan, Age_bin_nan"
"frozenset({'Age_bin_nan', 'TotalWorkingYears_bin_nan', 'JobLevel_-0.963503753471408', 'OverTime_Yes_True'})","frozenset({'AttritionLabel_Leave', 'YearsAtCompany_bin_nan'})",0.09864864864864865,0.12364864864864865,0.04932432432432433,0.5,4.043715846994536,1.0,0.03712655222790358,1.7527027027027027,0.8350824587706146,0.28515625,0.42945258288357746,0.4494535519125683,"Age_bin_nan, TotalWorkingYears_bin_nan, JobLevel_-0.963503753471408, OverTime_Yes_True → AttritionLabel_Leave, YearsAtCompany_bin_nan"
"frozenset({'Age_bin_nan', 'AttritionLabel_Leave', 'YearsAtCompany_bin_nan'})","frozenset({'TotalWorkingYears_bin_nan', 'JobLevel_-0.963503753471408', 'MonthlyIncome_bin_nan', 'OverTime_Yes_True'})",0.12364864864864865,0.09864864864864865,0.04932432432432433,0.3989071038251366,4.043715846994536,1.0,0.03712655222790358,1.4995208845208845,0.8589051657671548,0.28515625,0.33312032508336,0.4494535519125683,"Age_bin_nan, AttritionLabel_Leave, YearsAtCompany_bin_nan → TotalWorkingYears_bin_nan, JobLevel_-0.963503753471408, MonthlyIncome_bin_nan, OverTime_Yes_True"
"frozenset({'TotalWorkingYears_bin_nan', 'JobLevel_-0.963503753471408', 'OverTime_Yes_True'})","frozenset({'Age_bin_nan', 'AttritionLabel_Leave', 'YearsAtCompany_bin_nan'})",0.09864864864864865,0.12364864864864865,0.04932432432432433,0.5,4.043715846994536,1.0,0.03712655222790358,1.7527027027027027,0.8350824587706146,0.28515625,0.42945258288357746,0.4494535519125683,"TotalWorkingYears_bin_nan, JobLevel_-0.963503753471408, OverTime_Yes_True → Age_bin_nan, AttritionLabel_Leave, YearsAtCompany_bin_nan"
"frozenset({'TotalWorkingYears_bin_nan', 'JobLevel_-0.963503753471408', 'OverTime_Yes_True'})","frozenset({'AttritionLabel_Leave', 'YearsAtCompany_bin_nan'})",0.09864864864864865,0.12364864864864865,0.04932432432432433,0.5,4.043715846994536,1.0,0.03712655222790358,1.7527027027027027,0.8350824587706146,0.28515625,0.42945258288357746,0.4494535519125683,"TotalWorkingYears_bin_nan, JobLevel_-0.963503753471408, OverTime_Yes_True → AttritionLabel_Leave, YearsAtCompany_bin_nan"
"frozenset({'TotalWorkingYears_bin_nan', 'JobLevel_-0.963503753471408', 'MonthlyIncome_bin_nan', 'OverTime_Yes_True'})","frozenset({'Age_bin_nan', 'AttritionLabel_Leave', 'YearsAtCompany_bin_nan'})",0.09864864864864865,0.12364864864864865,0.04932432432432433,0.5,4.043715846994536,1.0,0.03712655222790358,1.7527027027027027,0.8350824587706146,0.28515625,0.42945258288357746,0.4494535519125683,"TotalWorkingYears_bin_nan, JobLevel_-0.963503753471408, MonthlyIncome_bin_nan, OverTime_Yes_True → Age_bin_nan, AttritionLabel_Leave, YearsAtCompany_bin_nan"
"frozenset({'AttritionLabel_Leave', 'YearsAtCompany_bin_nan'})","frozenset({'TotalWorkingYears_bin_nan', 'JobLevel_-0.963503753471408', 'OverTime_Yes_True'})",0.12364864864864865,0.09864864864864865,0.04932432432432433,0.3989071038251366,4.043715846994536,1.0,0.03712655222790358,1.4995208845208845,0.8589051657671548,0.28515625,0.33312032508336,0.4494535519125683,"AttritionLabel_Leave, YearsAtCompany_bin_nan → TotalWorkingYears_bin_nan, JobLevel_-0.963503753471408, OverTime_Yes_True"
"frozenset({'Age_bin_nan', 'AttritionLabel_Leave', 'YearsAtCompany_bin_nan'})","frozenset({'TotalWorkingYears_bin_nan', 'JobLevel_-0.963503753471408', 'OverTime_Yes_True'})",0.12364864864864865,0.09864864864864865,0.04932432432432433,0.3989071038251366,4.043715846994536,1.0,0.03712655222790358,1.4995208845208845,0.8589051657671548,0.28515625,0.33312032508336,0.4494535519125683,"Age_bin_nan, AttritionLabel_Leave, YearsAtCompany_bin_nan → TotalWorkingYears_bin_nan, JobLevel_-0.963503753471408, OverTime_Yes_True"
"frozenset({'OverTime_Yes_True', 'TotalWorkingYears_bin_nan', 'JobLevel_-0.963503753471408', 'MonthlyIncome_bin_nan', 'Age_bin_nan'})","frozenset({'AttritionLabel_Leave', 'YearsAtCompany_bin_nan'})",0.09864864864864865,0.12364864864864865,0.04932432432432433,0.5,4.043715846994536,1.0,0.03712655222790358,1.7527027027027027,0.8350824587706146,0.28515625,0.42945258288357746,0.4494535519125683,"OverTime_Yes_True, TotalWorkingYears_bin_nan, JobLevel_-0.963503753471408, MonthlyIncome_bin_nan, Age_bin_nan → AttritionLabel_Leave, YearsAtCompany_bin_nan"
"frozenset({'AttritionLabel_Leave', 'YearsAtCompany_bin_nan'})","frozenset({'Age_bin_nan', 'TotalWorkingYears_bin_nan', 'JobLevel_-0.963503753471408', 'OverTime_Yes_True'})",0.12364864864864865,0.09864864864864865,0.04932432432432433,0.3989071038251366,4.043715846994536,1.0,0.03712655222790358,1.4995208845208845,0.8589051657671548,0.28515625,0.33312032508336,0.4494535519125683,"AttritionLabel_Leave, YearsAtCompany_bin_nan → Age_bin_nan, TotalWorkingYears_bin_nan, JobLevel_-0.963503753471408, OverTime_Yes_True"
"frozenset({'AttritionLabel_Leave', 'YearsAtCompany_bin_nan'})","frozenset({'TotalWorkingYears_bin_nan', 'JobLevel_-0.963503753471408', 'MonthlyIncome_bin_nan', 'OverTime_Yes_True'})",0.12364864864864865,0.09864864864864865,0.04932432432432433,0.3989071038251366,4.043715846994536,1.0,0.03712655222790358,1.4995208845208845,0.8589051657671548,0.28515625,0.33312032508336,0.4494535519125683,"AttritionLabel_Leave, YearsAtCompany_bin_nan → TotalWorkingYears_bin_nan, JobLevel_-0.963503753471408, MonthlyIncome_bin_nan, OverTime_Yes_True"
"frozenset({'TotalWorkingYears_bin_nan', 'JobLevel_-0.963503753471408', 'MonthlyIncome_bin_nan', 'OverTime_Yes_True'})","frozenset({'AttritionLabel_Leave', 'YearsAtCompany_bin_nan'})",0.09864864864864865,0.12364864864864865,0.04932432432432433,0.5,4.043715846994536,1.0,0.03712655222790358,1.7527027027027027,0.8350824587706146,0.28515625,0.42945258288357746,0.4494535519125683,"TotalWorkingYears_bin_nan, JobLevel_-0.963503753471408, MonthlyIncome_bin_nan, OverTime_Yes_True → AttritionLabel_Leave, YearsAtCompany_bin_nan"
"frozenset({'TotalWorkingYears_bin_nan', 'AttritionLabel_Leave'})","frozenset({'Age_bin_nan', 'JobLevel_-0.963503753471408', 'MonthlyIncome_bin_nan', 'OverTime_Yes_True'})",0.1277027027027027,0.10540540540540541,0.05337837837837838,0.417989417989418,3.965540632207299,1.0,0.03991782322863404,1.537076167076167,0.8573081410740373,0.29699248120300753,0.3494141530395307,0.4621998371998372,"TotalWorkingYears_bin_nan, AttritionLabel_Leave → Age_bin_nan, JobLevel_-0.963503753471408, MonthlyIncome_bin_nan, OverTime_Yes_True"
